handle,name,status,collections,occasion,product_type,tier,price_low,price_high,primary_flowers,secondary_flowers,greenery,palette,arrangement_style,wrap_style,ribbon_style,vessel,size_options,short_description,long_description,seo_title,seo_description,meta_keywords,image_alt,concierge_tags,cross_sell,upsell,delivery_notes,care_instructions,availability_notes,tags,image_prompt
grand-red-rose-arrangement,Grand Red Rose Arrangement,existing,love-and-romance|anniversary|best-seller,romance|anniversary,Floral Arrangement,luxury,175,195,Deep red roses,Burgundy ranunculus,Italian ruscus|seeded eucalyptus,red,Full rounded low-and-lush arrangement,Presented in vessel — no wrap,"Champagne-gold and black satin ribbon, blank",Footed ivory ceramic vase,Classic (18)|Grand (24)|Opulent (36),"Two dozen velvety red roses arranged in refined, romantic abundance.","Two dozen of our deepest red roses gathered into a lavish, hand-arranged display that speaks the language of devotion without a single word. Each bloom is nestled at its most flattering angle, framed by soft eucalyptus and ruscus for an effortless, garden-gathered fullness. It is the grand gesture — the one that says everything you feel — delivered to a doorstep in Kingston the very same day.",Grand Red Rose Arrangement | Luxury Flower Delivery Kingston | The New Greenhouse,"Two dozen deep red roses in a lush luxury arrangement. The grand romantic gesture for anniversaries and love, with same-day Kingston delivery.","red rose arrangement, luxury roses Kingston, anniversary flowers Jamaica, romantic flower delivery, two dozen roses, same-day flowers Kingston",Grand Red Rose Arrangement — two dozen deep red roses in a footed ivory vase by The New Greenhouse,anniversary | her | romantic | luxury-tier | red | same-day-yes | partner | classic,red-rose-romance-luxe|blush-romance-luxe|forever-yours,midnight-elegance,Same-day delivery across Kingston for orders placed before 1pm; hand-delivered in a protective vase box.,"Keep vessel topped with fresh water, trim stems every two days, and display away from direct sun and fruit to extend bloom life.","Core best-seller, available year-round; peak-season lead time may apply around Valentine's Day.",experience:deluxe|channel:retail|delivery:same-day|occasion:romance|occasion:anniversary|collection:best-seller|flower:rose|palette:red|style:arrangement|format:vase|tier:luxury|recipient:her,"A finished gift-ready premium floral arrangement of two dozen deep red roses with burgundy ranunculus accents, Italian ruscus and seeded eucalyptus, hand-arranged with refined density in a low rounded dome, set in a footed ivory ceramic vase, tied with a plain smooth champagne-gold and black satin ribbon, completely blank — no text. Eye-level straight-on angle. Centred composition with generous negative space and roughly 10% margin. Soft luxury studio lighting, balanced exposure, gentle highlights. Soft warm ivory-to-pale-taupe seamless studio background with a gentle grounding shadow — no black, no hard shadows. Warm, natural, true-to-life, premium editorial grading. Vertical 4:5 crop. Photorealistic high-end florist catalogue quality; botanically accurate; no AI artifacts, no malformed or duplicated petals, no text, no logo, no watermark, no people, no hands."
blush-romance-luxe,Blush Romance Bouquet,existing,love-and-romance|anniversary|luxury-bouquet,romance|anniversary,Luxury Bouquet,premium,125,145,Blush and ivory roses,Lisianthus|spray roses,Silver dollar eucalyptus,blush,Hand-tied softly domed,Premium kraft and ivory tissue,"Champagne-gold and black satin ribbon, blank",Hand-tied bouquet — no vessel,Classic|Grand|Opulent,A tender hand-tied gathering of blush and ivory roses for quiet romance.,"Soft as a whispered promise, this hand-tied bouquet blends blush and ivory roses with delicate lisianthus for a romance that feels gentle and enduring. The palette is understated yet deeply expressive — the flowers you reach for when love has grown quiet, sure, and beautiful. Wrapped in ivory tissue and finished with satin ribbon, it arrives ready to take a breath away in Kingston today.",Blush Romance Bouquet | Luxury Flower Delivery Kingston | The New Greenhouse,Blush and ivory roses hand-tied for tender romance and anniversaries. An elegant premium bouquet with same-day Kingston delivery.,"blush rose bouquet, romantic flowers Kingston, anniversary bouquet Jamaica, ivory roses, hand-tied bouquet, same-day flower delivery",Blush Romance Bouquet — blush and ivory roses hand-tied in ivory tissue by The New Greenhouse,romance | her | romantic | premium-tier | blush | same-day-yes | partner | classic,red-rose-romance-luxe|everlasting-love-peony-bouquet|pearl-anniversary-white-bouquet,grand-red-rose-arrangement,Same-day delivery across Kingston for orders placed before 1pm; presented in a protective bouquet sleeve.,"Unwrap, trim stems at an angle, and place in fresh cool water; refresh water every two days and keep away from direct heat.",Available year-round; blush rose tones may vary subtly by season.,experience:deluxe|channel:retail|delivery:same-day|occasion:romance|occasion:anniversary|collection:luxury-bouquet|flower:rose|palette:blush|style:hand-tied|format:bouquet|tier:premium|recipient:her,"A finished gift-ready premium hand-tied bouquet of blush and ivory roses with lisianthus and spray roses, softened by silver dollar eucalyptus, hand-arranged with refined density in a soft dome, wrapped in premium kraft and ivory tissue, tied with a plain smooth champagne-gold and black satin ribbon, completely blank — no text. Eye-level straight-on angle. Centred composition with generous negative space and roughly 10% margin. Soft luxury studio lighting, balanced exposure, gentle highlights. Soft warm ivory-to-pale-taupe seamless studio background with a gentle grounding shadow — no black, no hard shadows. Warm, natural, true-to-life, premium editorial grading. Vertical 4:5 crop. Photorealistic high-end florist catalogue quality; botanically accurate; no AI artifacts, no malformed or duplicated petals, no text, no logo, no watermark, no people, no hands."
red-rose-romance-luxe,Red Rose Romance Bouquet,existing,love-and-romance|luxury-bouquet,romance,Luxury Bouquet,premium,105,125,Red roses (one dozen),Baby's breath,Ruscus,red,Classic hand-tied round,Premium kraft and ivory tissue,"Champagne-gold and black satin ribbon, blank",Hand-tied bouquet — no vessel,Classic (12)|Grand (18)|Opulent (24),A timeless dozen red roses framed in soft baby's breath.,"The classic that never fades — a dozen radiant red roses cradled in clouds of baby's breath, hand-tied with quiet confidence. It is the bouquet that has said I love you for generations, and it still lands with the same sincere heartbeat. Wrapped in ivory tissue and satin ribbon, it arrives same-day in Kingston, ready to make an ordinary moment unforgettable.",Red Rose Romance Bouquet | Luxury Flower Delivery Kingston | The New Greenhouse,"A classic dozen red roses with baby's breath, hand-tied for romance. Timeless premium bouquet with same-day Kingston delivery.","dozen red roses, red rose bouquet Kingston, romantic flowers Jamaica, baby's breath roses, valentine flowers, same-day flower delivery",Red Rose Romance Bouquet — a dozen red roses with baby's breath hand-tied in ivory tissue by The New Greenhouse,romance | her | romantic | premium-tier | red | same-day-yes | partner | classic,grand-red-rose-arrangement|blush-romance-luxe|forever-yours,grand-red-rose-arrangement,Same-day delivery across Kingston for orders placed before 1pm; presented in a protective bouquet sleeve.,"Trim stems on arrival, place in fresh cool water, refresh every two days, and keep away from direct sun and ripening fruit.",Available year-round; a Valentine's and everyday romance staple.,experience:deluxe|channel:retail|delivery:same-day|occasion:romance|collection:luxury-bouquet|flower:rose|palette:red|style:hand-tied|format:bouquet|tier:premium|recipient:her,"A finished gift-ready premium hand-tied bouquet of one dozen vivid red roses framed with soft baby's breath and ruscus greenery, hand-arranged with refined density in a classic round dome, wrapped in premium kraft and ivory tissue, tied with a plain smooth champagne-gold and black satin ribbon, completely blank — no text. Eye-level straight-on angle. Centred composition with generous negative space and roughly 10% margin. Soft luxury studio lighting, balanced exposure, gentle highlights. Soft warm ivory-to-pale-taupe seamless studio background with a gentle grounding shadow — no black, no hard shadows. Warm, natural, true-to-life, premium editorial grading. Vertical 4:5 crop. Photorealistic high-end florist catalogue quality; botanically accurate; no AI artifacts, no malformed or duplicated petals, no text, no logo, no watermark, no people, no hands."
forever-yours,Forever Yours,new,love-and-romance|anniversary|signature,romance|anniversary,Floral Arrangement,luxury,165,195,Red roses,Spray roses|red ranunculus,Ruscus|salal tips,red,Densely packed dome in keepsake box,Presented in keepsake box — no wrap,"Champagne-gold and black satin ribbon, blank",Black round keepsake hat box,Classic|Grand|Opulent,A dome of red roses set in a keepsake black hat box.,"Red roses arranged shoulder to shoulder in a sleek black keepsake box, so full and precise it looks like a single, breathtaking bloom. Long after the roses have had their moment, the elegant box remains — a quiet reminder of the day you said forever. It is romance made to last, delivered same-day across Kingston with the polish of a boutique gift.",Forever Yours | Luxury Flower Delivery Kingston | The New Greenhouse,Red roses domed in a black keepsake hat box for romance and anniversaries. A luxury boxed arrangement with same-day Kingston delivery.,"rose hat box, red roses in a box, luxury flowers Kingston, anniversary roses Jamaica, keepsake rose box, same-day flower delivery",Forever Yours — a dense dome of red roses in a black keepsake hat box by The New Greenhouse,anniversary | her | romantic | luxury-tier | red | same-day-yes | partner | modern,grand-red-rose-arrangement|red-rose-romance-luxe|midnight-elegance,midnight-elegance,Same-day delivery across Kingston for orders placed before 1pm; box is hand-delivered upright to protect the dome.,Roses are set in floral foam within the box — add a little water to the foam every two days and keep out of direct sun and heat.,"New signature-style piece; black keepsake box subject to stock, alternative charcoal box may substitute.",experience:deluxe|channel:retail|delivery:same-day|occasion:romance|occasion:anniversary|collection:signature|flower:rose|palette:red|style:arrangement|format:box|tier:luxury|recipient:her,"A finished gift-ready premium arrangement of red roses with spray roses and red ranunculus, hand-arranged with refined density into a tight rounded dome that fills a sleek black round keepsake hat box, tucked with ruscus and salal tips, box wrapped at the base with a plain smooth champagne-gold and black satin ribbon, completely blank — no text. Eye-level straight-on angle. Centred composition with generous negative space and roughly 10% margin. Soft luxury studio lighting, balanced exposure, gentle highlights. Soft warm ivory-to-pale-taupe seamless studio background with a gentle grounding shadow — no black background, no hard shadows. Warm, natural, true-to-life, premium editorial grading. Vertical 4:5 crop. Photorealistic high-end florist catalogue quality; botanically accurate; no AI artifacts, no malformed or duplicated petals, no text, no logo, no watermark, no people, no hands."
midnight-elegance,Midnight Elegance,new,love-and-romance|anniversary|signature,romance|anniversary,Floral Arrangement,luxury,175,205,Deep red and burgundy roses,Burgundy calla lilies|black-red ranunculus,Dark ruscus|plum-toned foliage,jewel,Dramatic asymmetric arrangement,Presented in vessel — no wrap,"Champagne-gold and black satin ribbon, blank",Matte black ceramic vase,Classic|Grand|Opulent,Deep red and burgundy roses with moody foliage for a sultry romance.,"Deep red and burgundy roses meet dark calla lilies and plum foliage in an arrangement as intoxicating as candlelight. This is romance with a lower, richer register — sensual, self-assured, and unforgettable. Set in a matte black vessel and hand-arranged for drama, Midnight Elegance arrives same-day in Kingston to mark the moments that deserve something bolder.",Midnight Elegance | Luxury Flower Delivery Kingston | The New Greenhouse,Deep red and burgundy roses with dark foliage in a moody jewel-toned arrangement. A luxury romance gift with same-day Kingston delivery.,"burgundy rose arrangement, dark red roses, jewel tone flowers Kingston, romantic luxury flowers Jamaica, moody floral arrangement, same-day flower delivery",Midnight Elegance — deep red and burgundy roses with dark foliage in a matte black vase by The New Greenhouse,romance | her | romantic | luxury-tier | jewel | same-day-yes | partner | opulent,forever-yours|grand-red-rose-arrangement|golden-anniversary-arrangement,golden-anniversary-arrangement,Same-day delivery across Kingston for orders placed before 1pm; hand-delivered in a protective vase box.,"Keep the vase topped with fresh water, trim stems every two days, and display away from direct sun to preserve the deep tones.",New luxury piece; burgundy calla lilies are seasonal and may substitute with deep-toned ranunculus.,experience:deluxe|channel:retail|delivery:same-day|occasion:romance|occasion:anniversary|collection:signature|flower:rose|palette:jewel|style:arrangement|format:vase|tier:luxury|recipient:her,"A finished gift-ready premium floral arrangement of deep red and burgundy roses with burgundy calla lilies and near-black ranunculus, hand-arranged with refined density in a dramatic asymmetric shape, accented by dark ruscus and plum-toned foliage, set in a matte black ceramic vase, tied with a plain smooth champagne-gold and black satin ribbon, completely blank — no text. Eye-level straight-on angle. Centred composition with generous negative space and roughly 10% margin. Soft luxury studio lighting, balanced exposure, gentle highlights. Soft warm ivory-to-pale-taupe seamless studio background with a gentle grounding shadow — no black background, no hard shadows. Warm, natural, true-to-life, premium editorial grading. Vertical 4:5 crop. Photorealistic high-end florist catalogue quality; botanically accurate; no AI artifacts, no malformed or duplicated petals, no text, no logo, no watermark, no people, no hands."
everlasting-love-peony-bouquet,Everlasting Love Peony Bouquet,new,love-and-romance|anniversary|luxury-bouquet,romance|anniversary,Luxury Bouquet,premium,125,145,Blush peonies,Blush garden roses|ranunculus,Silver dollar eucalyptus|jasmine vine,blush,Loose romantic hand-tied,Premium kraft and ivory tissue,"Champagne-gold and black satin ribbon, blank",Hand-tied bouquet — no vessel,Classic|Grand|Opulent,Lush blush peonies and garden roses in a romantic hand-tie.,"Full, ruffled peonies and blush garden roses gather into a bouquet that feels like the softest kind of love — the kind that only deepens with time. Their tousled, just-gathered fullness carries the romance of an English garden in early summer. Hand-tied and finished with satin ribbon, it arrives same-day in Kingston to celebrate a love meant to last forever.",Everlasting Love Peony Bouquet | Luxury Flower Delivery Kingston | The New Greenhouse,Blush peonies and garden roses hand-tied for romance and anniversaries. A lush premium bouquet with same-day Kingston delivery.,"peony bouquet Kingston, blush peonies, garden rose bouquet, anniversary flowers Jamaica, romantic peony flowers, same-day flower delivery",Everlasting Love Peony Bouquet — blush peonies and garden roses hand-tied in ivory tissue by The New Greenhouse,anniversary | her | romantic | premium-tier | blush | same-day-yes | partner | classic,blush-romance-luxe|pearl-anniversary-white-bouquet|red-rose-romance-luxe,grand-red-rose-arrangement,Same-day delivery across Kingston for orders placed before 1pm; presented in a protective bouquet sleeve.,"Trim stems, place in fresh cool water, and refresh daily; peonies open fully in a warm room over one to two days.","New premium piece; peonies are seasonal — when unavailable, full blush garden roses substitute to preserve the look.",experience:deluxe|channel:retail|delivery:same-day|occasion:romance|occasion:anniversary|collection:luxury-bouquet|flower:peony|palette:blush|style:hand-tied|format:bouquet|tier:premium|recipient:her,"A finished gift-ready premium hand-tied bouquet of lush blush peonies with blush garden roses and ranunculus, hand-arranged with refined density in a loose romantic dome, softened by silver dollar eucalyptus and trailing jasmine vine, wrapped in premium kraft and ivory tissue, tied with a plain smooth champagne-gold and black satin ribbon, completely blank — no text. Eye-level straight-on angle. Centred composition with generous negative space and roughly 10% margin. Soft luxury studio lighting, balanced exposure, gentle highlights. Soft warm ivory-to-pale-taupe seamless studio background with a gentle grounding shadow — no black, no hard shadows. Warm, natural, true-to-life, premium editorial grading. Vertical 4:5 crop. Photorealistic high-end florist catalogue quality; botanically accurate; no AI artifacts, no malformed or duplicated petals, no text, no logo, no watermark, no people, no hands."
pearl-anniversary-white-bouquet,Pearl Anniversary White Bouquet,new,anniversary|love-and-romance|luxury-bouquet,anniversary|romance,Luxury Bouquet,premium,115,140,White roses,White lisianthus|spray roses,Seeded eucalyptus|ruscus,white,Elegant hand-tied dome,Premium kraft and ivory tissue,"Champagne-gold and black satin ribbon, blank",Hand-tied bouquet — no vessel,Classic|Grand|Opulent,Pure white roses and lisianthus for milestone anniversaries.,"Crisp white roses and airy lisianthus come together in a bouquet of quiet, timeless grace — the very picture of a love that has stood the test of years. Its serene, luminous palette honours the milestones worth marking: the pearl anniversary, the vow renewed, the promise kept. Hand-tied in ivory tissue, it arrives same-day in Kingston with all the elegance the moment deserves.",Pearl Anniversary White Bouquet | Luxury Flower Delivery Kingston | The New Greenhouse,White roses and lisianthus hand-tied for milestone anniversaries. An elegant premium bouquet with same-day Kingston delivery.,"white rose bouquet, anniversary flowers Kingston, pearl anniversary Jamaica, white lisianthus, milestone anniversary bouquet, same-day flower delivery",Pearl Anniversary White Bouquet — white roses and lisianthus hand-tied in ivory tissue by The New Greenhouse,anniversary | her | celebratory | premium-tier | white | same-day-yes | partner | classic,blush-romance-luxe|everlasting-love-peony-bouquet|golden-anniversary-arrangement,golden-anniversary-arrangement,Same-day delivery across Kingston for orders placed before 1pm; presented in a protective bouquet sleeve.,"Trim stems on arrival, place in fresh cool water, refresh every two days, and keep away from direct sun to protect the white petals.",New premium piece; available year-round.,experience:deluxe|channel:retail|delivery:same-day|occasion:anniversary|occasion:romance|collection:luxury-bouquet|flower:rose|palette:white|style:hand-tied|format:bouquet|tier:premium|recipient:her,"A finished gift-ready premium hand-tied bouquet of pure white roses with white lisianthus and white spray roses, hand-arranged with refined density in an elegant dome, framed by seeded eucalyptus and ruscus, wrapped in premium kraft and ivory tissue, tied with a plain smooth champagne-gold and black satin ribbon, completely blank — no text. Eye-level straight-on angle. Centred composition with generous negative space and roughly 10% margin. Soft luxury studio lighting, balanced exposure, gentle highlights. Soft warm ivory-to-pale-taupe seamless studio background with a gentle grounding shadow — no black, no hard shadows. Warm, natural, true-to-life, premium editorial grading. Vertical 4:5 crop. Photorealistic high-end florist catalogue quality; botanically accurate; no AI artifacts, no malformed or duplicated petals, no text, no logo, no watermark, no people, no hands."
golden-anniversary-arrangement,Golden Anniversary Arrangement,new,anniversary|love-and-romance|signature,anniversary,Floral Arrangement,luxury,185,215,Gold and amber roses,Toffee roses|amber ranunculus,Gilded eucalyptus|ruscus,gold,Full luxe rounded arrangement,Presented in vessel — no wrap,"Champagne-gold and black satin ribbon, blank",Champagne-gold footed metal vase,Classic|Grand|Opulent,Gold and amber roses with gilded accents for the golden anniversary.,"Warm gold and amber roses glow against gilded eucalyptus in an arrangement worthy of fifty years — or any love that has turned to gold. Every bloom is chosen for its honeyed richness and set in a champagne-gold vessel that catches the light. It is a celebration made luminous, hand-arranged and delivered same-day in Kingston to crown a truly golden milestone.",Golden Anniversary Arrangement | Luxury Flower Delivery Kingston | The New Greenhouse,Gold and amber roses with gilded accents in a luxe arrangement for golden anniversaries. Same-day Kingston flower delivery.,"golden anniversary flowers, gold rose arrangement Kingston, 50th anniversary flowers Jamaica, amber roses, luxury anniversary gift, same-day flower delivery",Golden Anniversary Arrangement — gold and amber roses with gilded eucalyptus in a champagne-gold vase by The New Greenhouse,anniversary | couple | celebratory | luxury-tier | gold | same-day-yes | partner | opulent,pearl-anniversary-white-bouquet|midnight-elegance|grand-red-rose-arrangement,midnight-elegance,Same-day delivery across Kingston for orders placed before 1pm; hand-delivered in a protective vase box.,"Keep the vase topped with fresh water, trim stems every two days, and display away from direct sun and heat to hold the amber tones.",New luxury piece; gold and amber rose availability is seasonal — toffee and caramel roses may substitute to hold the palette.,experience:deluxe|channel:retail|delivery:same-day|occasion:anniversary|collection:signature|flower:rose|palette:gold|style:arrangement|format:vase|tier:luxury|recipient:couple,"A finished gift-ready premium floral arrangement of gold and amber roses with toffee roses and amber ranunculus, hand-arranged with refined density in a full rounded dome, accented by gilded eucalyptus and ruscus, set in a champagne-gold footed metal vase, tied with a plain smooth champagne-gold and black satin ribbon, completely blank — no text. Eye-level straight-on angle. Centred composition with generous negative space and roughly 10% margin. Soft luxury studio lighting, balanced exposure, gentle highlights. Soft warm ivory-to-pale-taupe seamless studio background with a gentle grounding shadow — no black, no hard shadows. Warm, natural, true-to-life, premium editorial grading. Vertical 4:5 crop. Photorealistic high-end florist catalogue quality; botanically accurate; no AI artifacts, no malformed or duplicated petals, no text, no logo, no watermark, no people, no hands."
bridal-white-bouquet,Bridal White Bouquet,existing,Wedding Flowers|Bridal Bouquets,wedding,Luxury Bouquet,luxury,130,145,White garden roses|White ranunculus,White lisianthus|Spray roses,Trailing jasmine vine|Soft ruscus|Dusty miller,White / ivory,"Hand-tied cascading bridal bouquet, refined density",Silk-wrapped stems with pearl-pin finish,"Plain smooth ivory satin ribbon, blank, no text",None — hand-tied presentation,Petite|Classic|Grand,A cascading all-white bridal bouquet of garden roses and ranunculus with trailing greenery.,"Every stem in this bouquet was chosen for the moment you walk toward forever. Garden roses and cloud-soft ranunculus gather into a hand-tied cascade, laced with trailing jasmine that moves as you move. It is timeless, unhurried elegance — the quiet luxury of pure white in your hands. Made to order for your day.",Bridal White Bouquet | Luxury Flower Delivery Kingston | The New Greenhouse,"A cascading all-white bridal bouquet of garden roses, ranunculus and trailing greenery. Made-to-order luxury wedding flowers, delivered in Kingston.",bridal bouquet|white wedding bouquet|garden roses|ranunculus bouquet|Kingston wedding flowers|luxury florist Jamaica,Bridal White Bouquet — cascading white garden roses and ranunculus with trailing greenery by The New Greenhouse,wedding|bride|romantic-timeless|luxury-tier|white|advance-booking|spouse|classic-elegant,Bridesmaid Blush Bouquet|Flower Girl Posy,Ceremony Arch Florals|Reception Elevated Centerpiece,Made-to-order wedding piece; advance booking recommended. Consultation and lead-time based — reserve 3–4 weeks ahead. Same-day not available for bridal work.,"Keep stems in water until the ceremony; mist petals lightly and store cool, away from direct sun. Handle by the wrapped stems.",Made-to-order; subject to seasonal availability of garden roses. Booked via wedding consultation.,experience:deluxe|channel:retail|occasion:wedding|collection:bridal-bouquets|flower:rose|flower:ranunculus|palette:white|style:bouquet|format:bouquet|tier:luxury|recipient:couple,"A finished gift-ready bridal bouquet, hand-tied, refined density, of white garden roses and white ranunculus with white lisianthus and trailing jasmine and soft ruscus greenery, silk-wrapped stems finished with a plain smooth ivory satin ribbon, blank, no text; eye-level straight-on, centred, generous negative space, ~10% margin; soft luxury studio lighting, gentle highlights; soft warm ivory-to-pale-taupe seamless studio background, gentle grounding shadow — no black, no hard shadows; warm, natural, true-to-life, editorial grading. Vertical 4:5 crop. Photorealistic high-end florist catalogue quality; botanically accurate; no AI artifacts, no text, no logo, no watermark, no people, no hands."
bridesmaid-blush-bouquet,Bridesmaid Blush Bouquet,new,Wedding Flowers|Bridal Bouquets,wedding,Luxury Bouquet,premium,105,140,Blush roses|Blush spray roses,Pale pink lisianthus|Blush ranunculus,Silver-dollar eucalyptus|Seeded eucalyptus,Blush,"Hand-tied rounded posy-to-bouquet, soft airy density",Kraft-free silk stem wrap natural finish,"Plain smooth champagne satin ribbon, blank, no text",None — hand-tied presentation,Petite|Classic,A soft blush bouquet of roses and ranunculus veiled in eucalyptus made for your bridal party.,"Designed to walk beside the bride, this bouquet gathers blush roses and ranunculus in a gentle, romantic cloud. Silver eucalyptus threads a cool, fragrant softness through the warm petals. It is the kind of understated beauty that lets the day — and everyone in it — glow. Made to order to match your palette.",Bridesmaid Blush Bouquet | Luxury Flower Delivery Kingston | The New Greenhouse,"A soft blush bouquet of roses, ranunculus and eucalyptus for your bridal party. Made-to-order luxury wedding flowers, delivered in Kingston, Jamaica.",bridesmaid bouquet|blush wedding flowers|eucalyptus bouquet|blush roses|Kingston wedding florist|luxury bridal party flowers,Bridesmaid Blush Bouquet — blush roses and ranunculus with silver eucalyptus by The New Greenhouse,wedding|bridesmaid|romantic-soft|premium-tier|blush|advance-booking|friend|gentle-elegant,Bridal White Bouquet|Flower Girl Posy,Reception Low Centerpiece|Ceremony Aisle Arrangement,Made-to-order wedding piece; advance booking recommended. Ordered by the set through wedding consultation — reserve 3–4 weeks ahead. Same-day not available.,"Keep stems in water until the ceremony; mist lightly and store cool, out of direct sun. Handle by the wrapped stems.",Made-to-order; blush tones matched to your palette. Ordered in sets via consultation.,experience:deluxe|channel:retail|occasion:wedding|flower:rose|palette:blush|style:bouquet|format:bouquet|tier:premium|recipient:couple,"A finished gift-ready bridal bouquet, hand-tied, refined density, of blush roses and blush spray roses with pale pink lisianthus and blush ranunculus veiled in silver-dollar and seeded eucalyptus, silk-wrapped stems finished with a plain smooth champagne satin ribbon, blank, no text; eye-level straight-on, centred, generous negative space, ~10% margin; soft luxury studio lighting, gentle highlights; soft warm ivory-to-pale-taupe seamless studio background, gentle grounding shadow — no black, no hard shadows; warm, natural, true-to-life, editorial grading. Vertical 4:5 crop. Photorealistic high-end florist catalogue quality; botanically accurate; no AI artifacts, no text, no logo, no watermark, no people, no hands."
flower-girl-posy,Flower Girl Posy,new,Wedding Flowers|Bridal Bouquets,wedding,Luxury Bouquet,standard,65,85,White spray roses|Pastel ranunculus,White waxflower|Pale sweet pea,Italian ruscus|Soft asparagus fern,White / pastel (mixed),"Petite hand-tied round posy, child-scale",Soft silk stem wrap compact finish,"Plain smooth ivory satin ribbon, blank, no text",None — petite hand-tied posy,Petite|Mini,A sweet child-scale posy of white and pastel blooms for your littlest attendant.,"Small hands deserve their own small bouquet. This petite posy of spray roses and pastel ranunculus is tied light and easy to carry, sized just for a flower girl. Gentle, pretty and perfectly proportioned, it lets her feel every bit as celebrated as the day itself. Made to order to match your wedding palette.",Flower Girl Posy | Luxury Flower Delivery Kingston | The New Greenhouse,"A petite white and pastel posy sized for your flower girl. Made-to-order luxury wedding flowers, delivered in Kingston, Jamaica.",flower girl posy|petite wedding bouquet|pastel posy|white spray roses|Kingston wedding flowers|luxury florist Jamaica,Flower Girl Posy — petite white and pastel spray roses and ranunculus by The New Greenhouse,wedding|flower-girl|sweet-charming|standard-tier|pastel|advance-booking|family|playful-gentle,Bridesmaid Blush Bouquet|Bridal Toss Bouquet,Bridal White Bouquet|Ceremony Aisle Arrangement,Made-to-order wedding piece; advance booking recommended. Ordered with your bridal party through consultation — reserve 3–4 weeks ahead. Same-day not available.,Keep in water until the ceremony; store cool and out of direct sun. Light enough for small hands to carry by the wrapped stems.,Made-to-order; palette matched to your wedding. Booked via consultation.,experience:deluxe|channel:retail|occasion:wedding|flower:rose|flower:ranunculus|palette:pastel|style:posy|format:bouquet|tier:standard|recipient:family,"A finished gift-ready petite hand-tied posy, child-scale, refined density, of white spray roses and pastel ranunculus with white waxflower and pale sweet pea and Italian ruscus greenery, silk-wrapped stems finished with a plain smooth ivory satin ribbon, blank, no text; eye-level straight-on, centred, generous negative space, ~10% margin; soft luxury studio lighting, gentle highlights; soft warm ivory-to-pale-taupe seamless studio background, gentle grounding shadow — no black, no hard shadows; warm, natural, true-to-life, editorial grading. Vertical 4:5 crop. Photorealistic high-end florist catalogue quality; botanically accurate; no AI artifacts, no text, no logo, no watermark, no people, no hands."
ceremony-aisle-arrangement,Ceremony Aisle Arrangement,new,Wedding Flowers|Ceremony,wedding,Wedding Flowers,luxury,165,210,White hydrangea|White roses,White stock|White snapdragon,Italian ruscus|Olive branch|Trailing ivy,White / green (mixed),"Lush one-sided aisle cluster, garden-gathered",None — pew/aisle-mounted arrangement,"Plain smooth ivory satin ribbon accent, blank, no text",Foam-free floral cage / pew mount (concealed),Standard|Full,A lush white-and-green aisle cluster that lines your walk in garden elegance.,"These are the flowers that frame your first steps as forever begins. Hydrangea and white roses gather into a soft, garden-gathered cluster, trailing olive and ivy along the aisle. Placed pew by pew, they turn a walkway into a passage of quiet ceremony. Made to order and styled to your venue.",Ceremony Aisle Arrangement | Luxury Flower Delivery Kingston | The New Greenhouse,"A lush white-and-green aisle cluster of hydrangea, roses and trailing greenery. Made-to-order luxury wedding ceremony flowers in Kingston, Jamaica.",aisle arrangement|ceremony flowers|pew flowers|white hydrangea|wedding aisle décor|Kingston wedding florist|luxury florist Jamaica,Ceremony Aisle Arrangement — lush white hydrangea and roses with trailing greenery by The New Greenhouse,wedding|couple|elegant-garden|luxury-tier|white|advance-booking|spouse|refined-organic,Reception Low Centerpiece|Bridal White Bouquet,Ceremony Arch Florals|Reception Elevated Centerpiece,Made-to-order ceremony installation; advance booking recommended. Delivered and styled on-site by our team — reserve 4–6 weeks ahead. Consultation and lead-time based.,Installed hydrated on the day; our team sets and removes. Keep out of direct midday sun where possible before the ceremony.,Made-to-order; quantity and placement quoted per venue. Booked via wedding consultation.,experience:deluxe|channel:retail|occasion:wedding|flower:hydrangea|flower:rose|palette:white|style:arrangement|format:stand|tier:luxury|recipient:couple,"A lush one-sided ceremony aisle floral arrangement, garden-gathered, refined density, of white hydrangea and white roses with white stock and white snapdragon and Italian ruscus, olive branch and trailing ivy, mounted on a concealed foam-free floral cage with a plain smooth ivory satin ribbon accent, blank, no text; eye-level straight-on, centred, generous negative space, ~10% margin; soft luxury studio lighting, gentle highlights; soft warm ivory-to-pale-taupe seamless studio background, gentle grounding shadow — no black, no hard shadows; warm, natural, true-to-life, editorial grading. Vertical 4:5 crop. Photorealistic high-end florist catalogue quality; botanically accurate; no AI artifacts, no text, no logo, no watermark, no people, no hands."
reception-low-centerpiece,Reception Low Centerpiece,new,Centerpieces|Wedding Flowers,wedding,Centerpiece,premium,110,150,White hydrangea|White garden roses,White lisianthus|White ranunculus,Seeded eucalyptus|Italian ruscus|Dusty miller,White / green (mixed),"Low lush compote, guest-eye-level, generous spread",None — vessel arrangement,None,"Low footed compote vessel, ivory ceramic",Standard|Full,A low lush white-and-green centerpiece designed for easy conversation across the table.,"Set low so eyes meet and toasts flow, this centerpiece spills hydrangea and garden roses across an ivory compote. Seeded eucalyptus softens the edges into an easy, garden-gathered abundance. It is the quiet luxury that makes a reception table feel considered from every seat. Made to order for your guest count.",Reception Low Centerpiece | Luxury Flower Delivery Kingston | The New Greenhouse,"A low, lush white-and-green reception centerpiece in an ivory compote. Made-to-order luxury wedding table flowers in Kingston, Jamaica.",low centerpiece|reception flowers|wedding tablescape|white hydrangea compote|Kingston wedding florist|luxury florist Jamaica,Reception Low Centerpiece — low lush white hydrangea and roses in an ivory compote by The New Greenhouse,wedding|couple|elegant-garden|premium-tier|white|advance-booking|spouse|warm-inviting,Reception Elevated Centerpiece|Ceremony Aisle Arrangement,Reception Elevated Centerpiece|Ceremony Arch Florals,Made-to-order reception piece; advance booking recommended. Ordered by table count and delivered on the day — reserve 3–4 weeks ahead. Consultation and lead-time based.,Arrives hydrated in its vessel; keep on a level surface away from direct sun and vents until the reception.,Made-to-order; priced per table. Booked via wedding consultation.,experience:deluxe|channel:retail|occasion:wedding|collection:centerpieces|flower:hydrangea|flower:rose|palette:white|style:centerpiece|format:vase|tier:premium|recipient:couple,"A low lush wedding reception centerpiece, garden-gathered, generous spread, of white hydrangea and white garden roses with white lisianthus and white ranunculus and seeded eucalyptus, Italian ruscus and dusty miller, arranged in a low footed ivory ceramic compote vessel shown clearly; slight 3/4 angle, centred, generous negative space, ~10% margin; soft luxury studio lighting, gentle highlights; soft warm ivory-to-pale-taupe seamless studio background, gentle grounding shadow — no black, no hard shadows; warm, natural, true-to-life, editorial grading. Vertical 4:5 crop. Photorealistic high-end florist catalogue quality; botanically accurate; no AI artifacts, no text, no logo, no watermark, no people, no hands."
reception-elevated-centerpiece,Reception Elevated Centerpiece,new,Centerpieces|Wedding Flowers,wedding,Centerpiece,luxury,175,225,White hydrangea|White roses|White delphinium,White stock|White lisianthus,Cascading amaranthus|Eucalyptus|Italian ruscus,White / green (mixed),"Tall footed statement arrangement, dramatic cascade",None — footed vessel arrangement,None,"Tall footed compote / pedestal urn, ivory",Standard|Grand,A tall dramatic footed arrangement that crowns your reception tables in white.,"For the tables meant to take a breath away, this elevated arrangement rises on a footed urn in a cascade of hydrangea, roses and delphinium. Trailing amaranthus and eucalyptus pour over the edge like something from a grand estate. It is height, drama and pure-white romance — the centerpiece guests remember. Made to order for your head and feature tables.",Reception Elevated Centerpiece | Luxury Flower Delivery Kingston | The New Greenhouse,"A tall, dramatic footed white centerpiece of hydrangea, roses and trailing greenery. Made-to-order luxury wedding flowers in Kingston, Jamaica.",elevated centerpiece|tall wedding centerpiece|footed urn arrangement|white hydrangea|Kingston wedding florist|luxury florist Jamaica,Reception Elevated Centerpiece — tall footed white hydrangea and roses with trailing greenery by The New Greenhouse,wedding|couple|dramatic-grand|luxury-tier|white|advance-booking|spouse|statement-romantic,Reception Low Centerpiece|Ceremony Aisle Arrangement,Ceremony Arch Florals,Made-to-order statement piece; advance booking recommended. Delivered and placed on the day by our team — reserve 4–6 weeks ahead. Consultation and lead-time based.,Arrives hydrated on its pedestal; keep level and out of direct sun and airflow until placed. Our team sets feature tables on-site.,"Made-to-order; reserved for head and feature tables, priced per piece. Booked via wedding consultation.",experience:deluxe|channel:retail|occasion:wedding|collection:centerpieces|flower:hydrangea|flower:rose|palette:white|style:centerpiece|format:vase|tier:luxury|recipient:couple,"A tall dramatic footed wedding reception centerpiece, statement cascade, refined density, of white hydrangea, white roses and white delphinium with white stock and white lisianthus, cascading amaranthus, eucalyptus and Italian ruscus pouring over the edge, arranged in a tall footed ivory pedestal urn shown clearly; slight 3/4 angle, centred, generous negative space, ~10% margin; soft luxury studio lighting, gentle highlights; soft warm ivory-to-pale-taupe seamless studio background, gentle grounding shadow — no black, no hard shadows; warm, natural, true-to-life, editorial grading. Vertical 4:5 crop. Photorealistic high-end florist catalogue quality; botanically accurate; no AI artifacts, no text, no logo, no watermark, no people, no hands."
bridal-toss-bouquet,Bridal Toss Bouquet,new,Wedding Flowers|Bridal Bouquets,wedding,Luxury Bouquet,standard,70,95,White spray roses|White ranunculus,White waxflower|White lisianthus,Italian ruscus|Seeded eucalyptus,White,"Petite hand-tied round bouquet, secure and light",Compact silk stem wrap tight finish,"Plain smooth ivory satin ribbon, blank, no text",None — petite hand-tied bouquet,Petite|Mini,A petite easy-to-toss white bouquet made for the moment everyone gathers.,"A small echo of your bridal bouquet, tied light and secure for the toss. Spray roses and ranunculus keep it soft and all-white, so it photographs beautifully mid-air. It is a little tradition made lovely — the bouquet that finds its next lucky hands. Made to order alongside your bridal work.",Bridal Toss Bouquet | Luxury Flower Delivery Kingston | The New Greenhouse,"A petite all-white toss bouquet of spray roses and ranunculus. Made-to-order luxury wedding flowers, delivered in Kingston, Jamaica.",toss bouquet|bouquet toss flowers|petite white bouquet|spray roses|Kingston wedding florist|luxury florist Jamaica,Bridal Toss Bouquet — petite all-white spray roses and ranunculus by The New Greenhouse,wedding|bride|playful-classic|standard-tier|white|advance-booking|friend|light-charming,Bridal White Bouquet|Flower Girl Posy,Bridesmaid Blush Bouquet|Reception Low Centerpiece,Made-to-order wedding piece; advance booking recommended. Ordered with your bridal work through consultation — reserve 3–4 weeks ahead. Same-day not available.,Keep stems in water until the reception; store cool and out of direct sun. Tied secure and light for tossing.,Made-to-order; matched to your bridal bouquet. Booked via consultation.,experience:deluxe|channel:retail|occasion:wedding|flower:rose|flower:ranunculus|palette:white|style:bouquet|format:bouquet|tier:standard|recipient:couple,"A finished petite hand-tied round toss bouquet, secure and light, refined density, of white spray roses and white ranunculus with white waxflower and white lisianthus and Italian ruscus and seeded eucalyptus, silk-wrapped stems finished with a plain smooth ivory satin ribbon, blank, no text; eye-level straight-on, centred, generous negative space, ~10% margin; soft luxury studio lighting, gentle highlights; soft warm ivory-to-pale-taupe seamless studio background, gentle grounding shadow — no black, no hard shadows; warm, natural, true-to-life, editorial grading. Vertical 4:5 crop. Photorealistic high-end florist catalogue quality; botanically accurate; no AI artifacts, no text, no logo, no watermark, no people, no hands."
ceremony-arch-florals,Ceremony Arch Florals,new,Wedding Flowers|Ceremony,wedding,Wedding Flowers,signature,280,450,White hydrangea|White garden roses|White delphinium,White stock|White lisianthus|Spray roses,Olive branch|Eucalyptus|Italian ruscus|Trailing smilax,White / green (mixed),"Asymmetric statement arch cluster, lush garden installation",None — arch-mounted installation,None,Foam-free arch mechanics / mounting cage (concealed),Corner Cluster|Double Cluster|Full Arch,A statement floral cluster that crowns your ceremony arch in lush white and green.,"This is the frame for the moment you become each other's. An asymmetric cluster of hydrangea, garden roses and delphinium climbs the arch, trailing smilax and olive toward the ground. Photographed from every angle, it becomes the backdrop your family will remember for a lifetime. Fully bespoke, designed and installed for your ceremony.",Ceremony Arch Florals | Luxury Flower Delivery Kingston | The New Greenhouse,"A statement white-and-green floral cluster for your ceremony arch. Bespoke made-to-order luxury wedding installation in Kingston, Jamaica.",ceremony arch flowers|wedding arch florals|floral installation|altar flowers|white hydrangea arch|Kingston wedding florist|luxury florist Jamaica,Ceremony Arch Florals — statement white hydrangea roses and trailing greenery arch cluster by The New Greenhouse,wedding|couple|dramatic-grand|signature-tier|white|advance-booking|spouse|bespoke-statement,Ceremony Aisle Arrangement|Bridal White Bouquet,Reception Elevated Centerpiece,"Bespoke made-to-order installation; advance booking essential. Designed, delivered and installed on-site by our team — reserve 6–8 weeks ahead. Consultation and lead-time based.",Built hydrated on foam-free mechanics; our team installs and removes on the day. Best shielded from direct midday sun during the ceremony.,"Fully bespoke; scope, arch structure and coverage quoted per venue. Reserved via wedding consultation only.",experience:deluxe|channel:retail|occasion:wedding|flower:hydrangea|flower:rose|palette:white|style:arrangement|format:stand|tier:signature|recipient:couple,"A lush statement ceremony arch floral cluster, asymmetric garden installation, refined density, of white hydrangea, white garden roses and white delphinium with white stock, white lisianthus and spray roses, olive branch, eucalyptus, Italian ruscus and trailing smilax, mounted on concealed foam-free arch mechanics; eye-level straight-on, centred, generous negative space, ~10% margin; soft luxury studio lighting, gentle highlights; soft warm ivory-to-pale-taupe seamless studio background, gentle grounding shadow — no black, no hard shadows; warm, natural, true-to-life, editorial grading. Vertical 4:5 crop. Photorealistic high-end florist catalogue quality; botanically accurate; no AI artifacts, no text, no logo, no watermark, no people, no hands."
classic-white-sympathy-arrangement,Classic White Sympathy Arrangement,existing,Sympathy & Funeral,sympathy,Sympathy Tribute,luxury,155,185,White lilies|White roses,White chrysanthemums|White lisianthus,Italian ruscus|Salal|Seeded eucalyptus,White / green,"Rounded gathered sympathy arrangement, serene even density",None — vase arrangement,"Plain white satin ribbon, blank, no text",Ivory ceramic urn vase,Standard|Full|Grand,"A serene all-white arrangement of lilies, roses and chrysanthemums to express heartfelt sympathy.","When words feel too small, flowers can carry what the heart cannot say. This gathering of white lilies, roses and chrysanthemums rests in a quiet ivory urn, softened by trailing greenery and unhurried grace. It is a gesture of comfort and deep respect, sent to hold a family gently through their sorrow. Delivered with the utmost care.",Classic White Sympathy Arrangement | Luxury Flower Delivery Kingston | The New Greenhouse,"A serene all-white sympathy arrangement of lilies, roses and chrysanthemums in an ivory urn. Luxury funeral flowers, delivered with care in Kingston.",sympathy arrangement|white funeral flowers|condolence flowers|white lilies|Kingston funeral florist|luxury sympathy flowers Jamaica,"Classic White Sympathy Arrangement — serene white lilies, roses and chrysanthemums in an ivory urn by The New Greenhouse",sympathy|family|comforting-respectful|luxury-tier|white|same-day|family|serene-dignified,Serene Sympathy Vase|Peaceful Tribute Basket,White Standing Spray|Classic White Wreath,"Same-day delivery available where possible. Delivered directly to the funeral home or residence with discreet, respectful handling. Timing coordinated with the service.",Keep in fresh water and out of direct sun and drafts. Trim stems every few days and refresh the water to extend the arrangement's life.,Available year-round; white blooms substituted like-for-like by season while preserving the all-white palette.,experience:deluxe|channel:retail|delivery:same-day|occasion:sympathy|flower:lily|flower:rose|palette:white|style:arrangement|format:vase|tier:luxury|recipient:family,"A finished sympathy arrangement, dignified and serene, rounded gathered form with serene even density, of white lilies and white roses with white chrysanthemums and white lisianthus and Italian ruscus, salal and seeded eucalyptus greenery, arranged in an ivory ceramic urn vase shown clearly, predominantly white and green with no bright colours; eye-level straight-on, centred, generous negative space, ~10% margin; soft luxury studio lighting, gentle highlights; soft warm ivory-to-pale-taupe seamless studio background, gentle grounding shadow — no black, no hard shadows; warm, natural, true-to-life, editorial grading. Vertical 4:5 crop. Photorealistic high-end florist catalogue quality; botanically accurate; no AI artifacts, no text, no logo, no watermark, no people, no hands."
white-standing-spray,White Standing Spray,new,Sympathy & Funeral,sympathy,Sympathy Tribute,luxury,185,225,White lilies|White roses,White gladioli|White chrysanthemums,Leatherleaf fern|Italian ruscus|Salal,White / green,"Large upright standing spray on easel, formal fan form",None — easel-mounted tribute,"Plain white satin ribbon, blank, no text",Displayed on a wire easel stand,Standard|Grand,"A tall white standing spray of lilies and roses on an easel, a dignified tribute for the service.","Standing tall beside the service, this spray speaks of a life honoured and deeply loved. White lilies and roses rise in a formal fan, steadied by gladioli and soft greenery on a graceful easel. It is a presence of quiet dignity — a way to stand with a family when you cannot stand beside them. Delivered directly to the service with care.",White Standing Spray | Luxury Flower Delivery Kingston | The New Greenhouse,"A tall white standing spray of lilies, roses and gladioli on an easel. Dignified luxury funeral tribute flowers, delivered with care in Kingston, Jamaica.",standing spray|funeral spray|white lilies easel tribute|sympathy standing spray|Kingston funeral flowers|luxury sympathy florist Jamaica,White Standing Spray — tall white lilies and roses on a wire easel by The New Greenhouse,sympathy|family|comforting-respectful|luxury-tier|white|same-day|family|dignified-formal,Classic White Wreath|Classic White Sympathy Arrangement,White Casket Spray|Classic White Wreath,"Same-day delivery available where possible. Delivered and set on its easel directly at the funeral home, with discreet, respectful handling and timing to the service.",Displayed on an easel for the service; keep out of direct sun and wind. Best appreciated fresh on the day of the tribute.,Made to order for the service; advance notice appreciated for grand size. White blooms substituted like-for-like by season.,experience:deluxe|channel:retail|delivery:same-day|occasion:sympathy|flower:lily|flower:rose|palette:white|style:standing-spray|format:stand|tier:luxury|recipient:family,"A finished sympathy standing spray, dignified and serene, large upright formal fan form, of white lilies and white roses with white gladioli and white chrysanthemums and leatherleaf fern, Italian ruscus and salal greenery, shown on a wire easel stand, finished with a plain white satin ribbon, blank, no text, predominantly white and green with no bright colours; eye-level straight-on, centred, generous negative space, ~10% margin; soft luxury studio lighting, gentle highlights; soft warm ivory-to-pale-taupe seamless studio background, gentle grounding shadow — no black, no hard shadows; warm, natural, true-to-life, editorial grading. Vertical 4:5 crop. Photorealistic high-end florist catalogue quality; botanically accurate; no AI artifacts, no text, no logo, no watermark, no people, no hands."
classic-white-wreath,Classic White Wreath,new,Sympathy & Funeral,sympathy,Sympathy Tribute,luxury,175,215,White roses|White chrysanthemums,White carnations|White lisianthus,Salal|Leatherleaf fern|Italian ruscus,White / green,"Full circular ring wreath, even continuous form",None — easel-mounted tribute,"Plain white satin ribbon, blank, no text",Displayed on a wire easel stand,Standard|Grand,"A full circular white wreath of roses and chrysanthemums, an enduring symbol of eternal remembrance.","The circle has no end, and neither does the love it honours. This full white wreath of roses and chrysanthemums, threaded with soft greenery, is a timeless emblem of eternal remembrance. Set on a graceful easel beside the service, it offers a family a quiet, dignified comfort. Delivered directly to the funeral home with the greatest care.",Classic White Wreath | Luxury Flower Delivery Kingston | The New Greenhouse,"A full circular white wreath of roses and chrysanthemums on an easel. A timeless luxury funeral tribute, delivered with care in Kingston, Jamaica.",funeral wreath|white sympathy wreath|memorial wreath|white roses wreath|Kingston funeral flowers|luxury sympathy florist Jamaica,Classic White Wreath — circular white roses and chrysanthemums ring on a wire easel by The New Greenhouse,sympathy|family|comforting-respectful|luxury-tier|white|same-day|family|timeless-dignified,White Standing Spray|Peaceful Tribute Basket,White Casket Spray|White Standing Spray,"Same-day delivery available where possible. Delivered and set on its easel directly at the funeral home, handled discreetly and timed to the service.",Displayed on an easel for the service; keep out of direct sun and wind. Best appreciated fresh on the day of the tribute.,Made to order for the service; advance notice appreciated for grand size. White blooms substituted like-for-like by season.,experience:deluxe|channel:retail|delivery:same-day|occasion:sympathy|flower:rose|flower:chrysanthemum|palette:white|style:wreath|format:stand|tier:luxury|recipient:family,"A finished sympathy wreath, dignified and serene, full circular ring with even continuous form, of white roses and white chrysanthemums with white carnations and white lisianthus and salal, leatherleaf fern and Italian ruscus greenery, shown on a wire easel stand, finished with a plain white satin ribbon, blank, no text, predominantly white and green with no bright colours; eye-level straight-on, centred, generous negative space, ~10% margin; soft luxury studio lighting, gentle highlights; soft warm ivory-to-pale-taupe seamless studio background, gentle grounding shadow — no black, no hard shadows; warm, natural, true-to-life, editorial grading. Vertical 4:5 crop. Photorealistic high-end florist catalogue quality; botanically accurate; no AI artifacts, no text, no logo, no watermark, no people, no hands."
peaceful-tribute-basket,Peaceful Tribute Basket,new,Sympathy & Funeral,sympathy,Sympathy Tribute,premium,110,145,White roses|White lilies,White chrysanthemums|White lisianthus,Seeded eucalyptus|Italian ruscus|Salal,White / green,"Soft low gathered basket, gentle rounded spread",None — basket arrangement,"Plain soft-grey satin ribbon, blank, no text",Natural woven handled basket,Standard|Full,"A soft white basket of roses and lilies, a gentle gesture of comfort for a grieving home.","Sometimes comfort is best sent quietly, to a doorstep and a heavy heart. This soft basket gathers white roses and lilies in a low, gentle spread, cradled in natural woven handles. It brings a moment of peace and warmth into a grieving home, without asking for anything in return. Delivered discreetly, with tender care.",Peaceful Tribute Basket | Luxury Flower Delivery Kingston | The New Greenhouse,"A soft white sympathy basket of roses, lilies and chrysanthemums. A gentle gesture of comfort, delivered discreetly in Kingston, Jamaica.",sympathy basket|condolence flowers basket|white funeral basket|comfort flowers|Kingston sympathy florist|luxury funeral flowers Jamaica,Peaceful Tribute Basket — soft white roses and lilies in a natural woven basket by The New Greenhouse,sympathy|family|comforting-respectful|premium-tier|white|same-day|family|gentle-warm,Serene Sympathy Vase|Classic White Sympathy Arrangement,White Standing Spray|Classic White Wreath,"Same-day delivery available where possible. Delivered directly to the residence or funeral home with discreet, respectful handling.",Keep the basket in a cool spot out of direct sun and drafts. Add water to the liner as needed to keep the flowers fresh.,Available year-round; white blooms substituted like-for-like by season while preserving the all-white palette.,experience:deluxe|channel:retail|delivery:same-day|occasion:sympathy|flower:rose|flower:lily|palette:white|style:basket|format:basket|tier:premium|recipient:family,"A finished sympathy basket, dignified and serene, soft low gathered form with gentle rounded spread, of white roses and white lilies with white chrysanthemums and white lisianthus and seeded eucalyptus, Italian ruscus and salal greenery, arranged in a natural woven handled basket shown clearly, finished with a plain soft-grey satin ribbon, blank, no text, predominantly white and green with no bright colours; eye-level straight-on, centred, generous negative space, ~10% margin; soft luxury studio lighting, gentle highlights; soft warm ivory-to-pale-taupe seamless studio background, gentle grounding shadow — no black, no hard shadows; warm, natural, true-to-life, editorial grading. Vertical 4:5 crop. Photorealistic high-end florist catalogue quality; botanically accurate; no AI artifacts, no text, no logo, no watermark, no people, no hands."
white-casket-spray,White Casket Spray,new,Sympathy & Funeral,sympathy,Sympathy Tribute,signature,275,425,White lilies|White roses,White hydrangea|White orchids,Italian ruscus|Salal|Seeded eucalyptus|Trailing ivy,White / green,"Full horizontal casket-top spray, lush cascading form",None — casket-top tribute,"Plain white satin ribbon, blank, no text",None — rests across the casket,Half-Couch|Full-Couch,"A lush horizontal white casket spray of lilies, roses and hydrangea, the family's final tribute.","The most personal of tributes, laid where the family says their last farewell. White lilies, roses and hydrangea gather into a lush horizontal spray, trailing ivy and orchids over the edge with quiet grace. It is abundance offered in love — a final gesture of honour and devotion. Crafted with the deepest care and delivered directly to the service.",White Casket Spray | Luxury Flower Delivery Kingston | The New Greenhouse,"A lush horizontal white casket spray of lilies, roses, hydrangea and orchids. A signature funeral tribute, delivered with care in Kingston, Jamaica.",casket spray|casket flowers|white funeral casket spray|white lilies casket tribute|Kingston funeral florist|luxury sympathy flowers Jamaica,"White Casket Spray — lush horizontal white lilies, roses and hydrangea casket-top piece by The New Greenhouse",sympathy|family|comforting-respectful|signature-tier|white|same-day|family|devoted-abundant,White Standing Spray|Classic White Wreath,White Standing Spray|Classic White Wreath,"Same-day delivery available where possible; advance notice appreciated for this signature piece. Delivered and placed directly at the funeral home, timed to the service, with discreet handling.",Prepared to rest across the casket for the service; keep cool and out of direct sun until placed. Crafted to look its finest on the day of the tribute.,Made to order as the family's principal tribute; advance notice recommended. White blooms substituted like-for-like by season.,experience:deluxe|channel:retail|delivery:same-day|occasion:sympathy|flower:lily|flower:rose|palette:white|style:casket-spray|format:stand|tier:signature|recipient:family,"A finished sympathy casket spray, dignified and serene, full horizontal casket-top piece with lush cascading form, of white lilies and white roses with white hydrangea and white orchids and Italian ruscus, salal, seeded eucalyptus and trailing ivy, shown as a horizontal casket-top arrangement, finished with a plain white satin ribbon, blank, no text, predominantly white and green with no bright colours; eye-level straight-on, centred, generous negative space, ~10% margin; soft luxury studio lighting, gentle highlights; soft warm ivory-to-pale-taupe seamless studio background, gentle grounding shadow — no black, no hard shadows; warm, natural, true-to-life, editorial grading. Vertical 4:5 crop. Photorealistic high-end florist catalogue quality; botanically accurate; no AI artifacts, no text, no logo, no watermark, no people, no hands."
serene-sympathy-vase,Serene Sympathy Vase,new,Sympathy & Funeral,sympathy,Sympathy Tribute,premium,105,140,White roses|White lisianthus,White chrysanthemums|White stock,Italian ruscus|Seeded eucalyptus,White / green,"Rounded upright vase arrangement, calm balanced density",None — vase arrangement,"Plain white satin ribbon, blank, no text",Clear glass column vase,Standard|Full,"A calm white vase of roses and lisianthus, an understated expression of sympathy and comfort.","A quiet, graceful way to say you are thinking of them. White roses and lisianthus rise softly from a clear glass vase, calm and unhurried, threaded with gentle greenery. It settles easily onto a table at home or beside the service, offering steady comfort in a difficult time. Delivered thoughtfully, with care.",Serene Sympathy Vase | Luxury Flower Delivery Kingston | The New Greenhouse,"A calm white sympathy vase of roses, lisianthus and chrysanthemums. An understated gesture of comfort, delivered with care in Kingston, Jamaica.",sympathy vase|condolence flowers|white sympathy arrangement|white roses vase|Kingston sympathy florist|luxury funeral flowers Jamaica,Serene Sympathy Vase — calm white roses and lisianthus in a clear glass vase by The New Greenhouse,sympathy|family|comforting-respectful|premium-tier|white|same-day|family|calm-understated,Peaceful Tribute Basket|Classic White Sympathy Arrangement,Classic White Sympathy Arrangement|White Standing Spray,"Same-day delivery available where possible. Delivered directly to the residence or funeral home with discreet, respectful handling.",Keep in fresh water out of direct sun and drafts. Trim stems and refresh the water every few days to extend its life.,Available year-round; white blooms substituted like-for-like by season while preserving the all-white palette.,experience:deluxe|channel:retail|delivery:same-day|occasion:sympathy|flower:rose|flower:mixed|palette:white|style:arrangement|format:vase|tier:premium|recipient:family,"A finished sympathy vase arrangement, dignified and serene, rounded upright form with calm balanced density, of white roses and white lisianthus with white chrysanthemums and white stock and Italian ruscus and seeded eucalyptus greenery, arranged in a clear glass column vase shown clearly, finished with a plain white satin ribbon, blank, no text, predominantly white and green with no bright colours; eye-level straight-on, centred, generous negative space, ~10% margin; soft luxury studio lighting, gentle highlights; soft warm ivory-to-pale-taupe seamless studio background, gentle grounding shadow — no black, no hard shadows; warm, natural, true-to-life, editorial grading. Vertical 4:5 crop. Photorealistic high-end florist catalogue quality; botanically accurate; no AI artifacts, no text, no logo, no watermark, no people, no hands."
corporate-elegance-arrangement,Corporate Elegance Arrangement,existing,Corporate Gifting,corporate,Floral Arrangement,premium,130,150,White roses|White calla lilies,White hydrangea|Green cymbidium orchids,Monstera leaf|Italian ruscus|Aspidistra,White / green,"Structured modern arrangement, clean architectural lines",None — vase arrangement,None,Matte white ceramic column vase,Standard|Grand,"A structured white-and-green arrangement in a modern vase, refined enough for any office or lobby.","Composed, confident and quietly impressive — the floral equivalent of a firm handshake. White roses and calla lilies stand in clean architectural lines, accented by green orchids and sculptural foliage in a matte white vase. It brings a polished, professional presence to a desk, boardroom or lobby. Delivered ready to make an impression.",Corporate Elegance Arrangement | Luxury Flower Delivery Kingston | The New Greenhouse,"A structured white-and-green corporate arrangement of roses, callas and orchids in a modern vase. Luxury office flowers, delivered in Kingston, Jamaica.",corporate flowers|office arrangement|white calla lilies|business gifting flowers|Kingston corporate florist|luxury office flowers Jamaica,Corporate Elegance Arrangement — structured white roses and calla lilies with green orchids in a modern white vase by The New Greenhouse,corporate|client|professional|premium-tier|white-green|same-day|client|polished-modern,Executive Desk Arrangement|Corporate Thank-You Gift,Reception Lobby Arrangement|Office Floral Display,Same-day delivery available where possible. Delivered to the office or lobby; recurring and contract options available for ongoing corporate displays.,"Keep in fresh water away from direct sun, vents and heat. Top up the water and trim stems every few days to keep it looking sharp.",Available year-round; premium white and green stems substituted like-for-like by season.,experience:deluxe|channel:retail|delivery:same-day|occasion:corporate|flower:rose|flower:orchid|palette:mixed|style:arrangement|format:vase|tier:premium|recipient:client,"A finished corporate floral arrangement, polished, structured and tasteful, clean architectural lines, of white roses and white calla lilies with white hydrangea and green cymbidium orchids and monstera leaf, Italian ruscus and aspidistra, arranged in a matte white ceramic column vase suited to a desk or lobby, whites and greens with restrained accent; eye-level straight-on, centred, generous negative space, ~10% margin; soft luxury studio lighting, gentle highlights; soft warm ivory-to-pale-taupe seamless studio background, gentle grounding shadow — no black, no hard shadows; warm, natural, true-to-life, editorial grading. Vertical 4:5 crop. Photorealistic high-end florist catalogue quality; botanically accurate; no AI artifacts, no text, no logo, no watermark, no people, no hands."
executive-desk-arrangement,Executive Desk Arrangement,new,Corporate Gifting,corporate,Floral Arrangement,premium,100,130,White roses|White spray roses,White lisianthus|Green hypericum berries,Italian ruscus|Seeded eucalyptus,White / green,"Compact refined low arrangement, neat rounded form",None — vase arrangement,None,Low matte white ceramic cube vase,Petite|Standard,"A compact white-and-green arrangement scaled for a desk, refined without crowding the workspace.","Refinement that respects the workspace it sits in. This compact arrangement keeps white roses and lisianthus neat and low, accented with green berries in a modern cube vase. It brings a touch of considered calm to a desk or credenza without ever getting in the way. Delivered ready to elevate an executive's everyday.",Executive Desk Arrangement | Luxury Flower Delivery Kingston | The New Greenhouse,"A compact white-and-green desk arrangement of roses, lisianthus and berries in a modern vase. Luxury corporate flowers, delivered in Kingston, Jamaica.",desk arrangement|executive flowers|office desk flowers|corporate gifting|Kingston corporate florist|luxury office flowers Jamaica,Executive Desk Arrangement — compact white roses and lisianthus with green berries in a low white cube vase by The New Greenhouse,corporate|colleague|professional|premium-tier|white-green|same-day|colleague|refined-compact,Corporate Thank-You Gift|Corporate Elegance Arrangement,Corporate Elegance Arrangement|Reception Lobby Arrangement,Same-day delivery available where possible. Delivered to the office; recurring desk-refresh and contract options available on request.,"Keep in fresh water away from direct sun, vents and heat. Top up the water every few days to keep it looking crisp.",Available year-round; white and green stems substituted like-for-like by season.,experience:deluxe|channel:retail|delivery:same-day|occasion:corporate|flower:rose|palette:mixed|style:arrangement|format:vase|tier:premium|recipient:colleague,"A finished corporate floral arrangement, polished, structured and tasteful, compact refined low neat rounded form, of white roses and white spray roses with white lisianthus and green hypericum berries and Italian ruscus and seeded eucalyptus greenery, arranged in a low matte white ceramic cube vase suited to a desk, whites and greens with restrained accent; eye-level straight-on, centred, generous negative space, ~10% margin; soft luxury studio lighting, gentle highlights; soft warm ivory-to-pale-taupe seamless studio background, gentle grounding shadow — no black, no hard shadows; warm, natural, true-to-life, editorial grading. Vertical 4:5 crop. Photorealistic high-end florist catalogue quality; botanically accurate; no AI artifacts, no text, no logo, no watermark, no people, no hands."
reception-lobby-arrangement,Reception Lobby Arrangement,new,Corporate Gifting,corporate,Floral Arrangement,luxury,175,225,White hydrangea|White roses,White calla lilies|Green anthurium,Monstera leaf|Aspidistra|Italian ruscus,White / green,"Large statement arrangement, full sculptural spread",None — vase arrangement,None,Tall matte white ceramic pedestal vase,Grand|Statement,A large white-and-green statement arrangement built to command a reception or lobby with presence.,"The first impression, made in flowers. This statement arrangement gathers white hydrangea, roses and callas into a full sculptural spread, grounded by architectural greenery in a tall pedestal vase. It gives a reception or lobby the polished, confident presence a brand deserves. Delivered and styled to anchor the space.",Reception Lobby Arrangement | Luxury Flower Delivery Kingston | The New Greenhouse,"A large white-and-green statement arrangement of hydrangea, roses and callas for a lobby. Luxury corporate flowers, delivered in Kingston, Jamaica.",lobby arrangement|reception flowers|corporate statement flowers|white hydrangea|Kingston corporate florist|luxury office flowers Jamaica,"Reception Lobby Arrangement — large white hydrangea, roses and callas in a tall white pedestal vase by The New Greenhouse",corporate|client|professional|luxury-tier|white-green|same-day|client|statement-polished,Office Floral Display|Corporate Elegance Arrangement,Office Floral Display|Corporate Thank-You Gift,Same-day delivery available where possible. Delivered and placed on-site; recurring weekly and contract options available for ongoing lobby displays.,"Keep on a level surface away from direct sun, vents and heat. Top up the water and trim stems every few days to maintain its full form.",Available year-round; ideal on a recurring contract. Premium white and green stems substituted like-for-like by season.,experience:deluxe|channel:retail|delivery:same-day|occasion:corporate|flower:hydrangea|flower:rose|palette:mixed|style:arrangement|format:vase|tier:luxury|recipient:client,"A finished corporate floral arrangement, polished, structured and tasteful, large statement full sculptural spread, of white hydrangea and white roses with white calla lilies and green anthurium and monstera leaf, aspidistra and Italian ruscus, arranged in a tall matte white ceramic pedestal vase suited to a lobby, whites and greens with restrained accent; eye-level straight-on, centred, generous negative space, ~10% margin; soft luxury studio lighting, gentle highlights; soft warm ivory-to-pale-taupe seamless studio background, gentle grounding shadow — no black, no hard shadows; warm, natural, true-to-life, editorial grading. Vertical 4:5 crop. Photorealistic high-end florist catalogue quality; botanically accurate; no AI artifacts, no text, no logo, no watermark, no people, no hands."
office-floral-display,Office Floral Display,new,Corporate Gifting,corporate,Floral Arrangement,premium,115,150,White roses|White chrysanthemums,White lisianthus|Green hydrangea,Italian ruscus|Seeded eucalyptus|Aspidistra,White / green,"Balanced medium arrangement, tidy rounded form",None — vase arrangement,None,Matte white ceramic tapered vase,Standard|Full,"A tidy white-and-green display designed for recurring delivery, keeping the office fresh week to week.","Consistency that keeps a workplace feeling cared for, arrangement after arrangement. This balanced white-and-green display sits neatly on a counter, credenza or meeting table, tidy and always fresh. Set up on a recurring schedule, it takes the thinking out of keeping the office looking its best. Delivered on your cadence, styled the same beautiful way each time.",Office Floral Display | Luxury Flower Delivery Kingston | The New Greenhouse,"A tidy white-and-green office display of roses, chrysanthemums and hydrangea for recurring delivery. Luxury corporate flowers in Kingston, Jamaica.",office flowers|recurring floral display|corporate subscription flowers|weekly office flowers|Kingston corporate florist|luxury office flowers Jamaica,Office Floral Display — tidy white roses and chrysanthemums with green hydrangea in a white tapered vase by The New Greenhouse,corporate|colleague|professional|premium-tier|white-green|same-day|colleague|fresh-consistent,Executive Desk Arrangement|Reception Lobby Arrangement,Reception Lobby Arrangement|Corporate Elegance Arrangement,Same-day delivery available where possible. Designed for recurring weekly or bi-weekly delivery on a simple contract; one-off orders also welcome.,"Keep in fresh water away from direct sun, vents and heat. On a recurring plan we refresh the display for you each visit.",Available year-round; best value on a recurring contract. White and green stems substituted like-for-like by season.,experience:deluxe|channel:retail|delivery:same-day|occasion:corporate|flower:rose|flower:chrysanthemum|palette:mixed|style:arrangement|format:vase|tier:premium|recipient:colleague,"A finished corporate floral arrangement, polished, structured and tasteful, balanced medium tidy rounded form, of white roses and white chrysanthemums with white lisianthus and green hydrangea and Italian ruscus, seeded eucalyptus and aspidistra, arranged in a matte white ceramic tapered vase suited to an office, whites and greens with restrained accent; eye-level straight-on, centred, generous negative space, ~10% margin; soft luxury studio lighting, gentle highlights; soft warm ivory-to-pale-taupe seamless studio background, gentle grounding shadow — no black, no hard shadows; warm, natural, true-to-life, editorial grading. Vertical 4:5 crop. Photorealistic high-end florist catalogue quality; botanically accurate; no AI artifacts, no text, no logo, no watermark, no people, no hands."
corporate-thank-you-gift,Corporate Thank-You Gift,new,Corporate Gifting,corporate,Floral Arrangement,premium,110,145,White roses|White oriental lilies,White lisianthus|Green cymbidium orchids,Italian ruscus|Seeded eucalyptus|Salal,White / green,"Elegant gift vase arrangement, gracious rounded form",None — vase arrangement,"Plain smooth ivory satin ribbon, blank, no text",Clear glass footed gift vase,Standard|Full,"An elegant white-and-green gift vase to thank a client or partner with genuine, polished warmth.","A thank-you that feels as considered as the relationship behind it. White roses and oriental lilies gather graciously in a footed glass vase, finished with green orchids and a smooth ivory ribbon. It carries warmth and professionalism in equal measure — the right note of appreciation for a valued client or partner. Delivered ready to make gratitude memorable.",Corporate Thank-You Gift | Luxury Flower Delivery Kingston | The New Greenhouse,"An elegant white-and-green gift vase of roses, lilies and orchids to thank a client. Luxury corporate flowers, delivered in Kingston, Jamaica.",corporate thank you flowers|client appreciation gift|business thank you flowers|white roses gift|Kingston corporate florist|luxury gifting flowers Jamaica,Corporate Thank-You Gift — elegant white roses and lilies with green orchids in a footed glass vase by The New Greenhouse,corporate|client|professional|premium-tier|white-green|same-day|client|gracious-warm,Executive Desk Arrangement|Corporate Elegance Arrangement,Corporate Elegance Arrangement|Reception Lobby Arrangement,Same-day delivery available where possible. Delivered to the client's office or home; volume and recurring gifting programmes available on request.,"Keep in fresh water away from direct sun, vents and heat. Trim stems and refresh the water every few days to extend its life.",Available year-round; ideal for repeat client-gifting programmes. White and green stems substituted like-for-like by season.,experience:deluxe|channel:retail|delivery:same-day|occasion:corporate|flower:rose|flower:lily|palette:mixed|style:arrangement|format:vase|tier:premium|recipient:client,"A finished corporate floral arrangement, polished, structured and tasteful, elegant gift vase with gracious rounded form, of white roses and white oriental lilies with white lisianthus and green cymbidium orchids and Italian ruscus, seeded eucalyptus and salal, arranged in a clear glass footed gift vase suited to a client desk or home, finished with a plain smooth ivory satin ribbon, blank, no text, whites and greens with restrained accent; eye-level straight-on, centred, generous negative space, ~10% margin; soft luxury studio lighting, gentle highlights; soft warm ivory-to-pale-taupe seamless studio background, gentle grounding shadow — no black, no hard shadows; warm, natural, true-to-life, editorial grading. Vertical 4:5 crop. Photorealistic high-end florist catalogue quality; botanically accurate; no AI artifacts, no text, no logo, no watermark, no people, no hands."
sunshine-birthday-bouquet,Sunshine Birthday Bouquet,existing,birthday|best-seller|luxury-bouquet,birthday,Luxury Bouquet,premium,95,125,Gerbera daisies|sunflowers,Orange roses|solidago,Italian ruscus|salal,bright,Hand-tied cheerful rounded gathering,Premium kraft and ivory tissue,"Champagne-gold and black satin ribbon, blank",Hand-tied bouquet — no vessel,Classic|Grand|Opulent,A joyful hand-tied burst of gerberas and sunflowers to light up a birthday.,"Pure celebration in bloom — vivid gerbera daisies and sunny sunflowers gathered with warm orange roses for a birthday wish that arrives smiling. Every stem is chosen for its glow, hand-tied into a cheerful, generous round that feels like sunshine at the door. It is the bouquet that makes someone feel unmistakably celebrated, delivered same-day across Kingston.",Sunshine Birthday Bouquet | Luxury Flower Delivery Kingston | The New Greenhouse,A bright hand-tied bouquet of gerberas and sunflowers for birthdays. A joyful premium gift with same-day Kingston delivery.,"birthday bouquet Kingston, sunflower bouquet, gerbera daisies, bright birthday flowers, happy birthday flowers Jamaica, same-day flower delivery",Sunshine Birthday Bouquet — bright gerberas and sunflowers hand-tied in ivory tissue by The New Greenhouse,birthday | her | cheerful | premium-tier | bright | same-day-yes | friend | playful,birthday-balloon-bloom-box|congratulations-brights-bouquet|get-well-luxe,milestone-birthday-roses,Same-day delivery across Kingston for orders placed before 1pm; presented in a protective bouquet sleeve.,"Unwrap, trim stems at an angle, and place in fresh cool water; refresh water every two days and keep away from direct heat.","Core best-seller, available year-round; sunflower size may vary subtly by season.",experience:deluxe|channel:retail|delivery:same-day|occasion:birthday|collection:best-seller|flower:mixed|palette:bright|style:hand-tied|format:bouquet|tier:premium|recipient:her,"A finished gift-ready premium hand-tied bouquet of bright gerbera daisies and sunflowers with orange roses and solidago, framed by Italian ruscus and salal, hand-arranged with refined density in a cheerful rounded dome, wrapped in premium kraft and ivory tissue, tied with a plain smooth champagne-gold and black satin ribbon, completely blank — no text. Eye-level straight-on angle. Centred composition with generous negative space and roughly 10% margin. Soft luxury studio lighting, balanced exposure, gentle highlights. Soft warm ivory-to-pale-taupe seamless studio background with a gentle grounding shadow — no black, no hard shadows. Warm, natural, true-to-life, premium editorial grading. Vertical 4:5 crop. Photorealistic high-end florist catalogue quality; botanically accurate; no AI artifacts, no malformed or duplicated petals, no text, no logo, no watermark, no people, no hands."
congratulations-brights-bouquet,Congratulations Brights Bouquet,existing,congratulations|best-seller|luxury-bouquet,congratulations,Luxury Bouquet,premium,105,135,Vivid mixed roses|gerbera daisies,Alstroemeria|spray roses,Ruscus|seeded eucalyptus,bright,Hand-tied exuberant rounded gathering,Premium kraft and ivory tissue,"Champagne-gold and black satin ribbon, blank",Hand-tied bouquet — no vessel,Classic|Grand|Opulent,"A vivid mixed hand-tied bouquet made to say a big, bright congratulations.","For the promotion, the graduation, the milestone that deserves a fanfare — a jubilant mix of vivid roses and gerberas that celebrates as loudly as the moment does. The colours are bold and confident, hand-tied into a full, festive round that arrives like applause. Send it same-day across Kingston to tell someone their hard-won achievement did not go unnoticed.",Congratulations Brights Bouquet | Luxury Flower Delivery Kingston | The New Greenhouse,"A vivid mixed bouquet to celebrate promotions, graduations and milestones. A bright premium gift with same-day Kingston delivery.","congratulations flowers Kingston, graduation bouquet, promotion flowers, bright celebration bouquet, congratulations flowers Jamaica, same-day flower delivery",Congratulations Brights Bouquet — vivid mixed roses and gerberas hand-tied in ivory tissue by The New Greenhouse,congratulations | her | celebratory | premium-tier | bright | same-day-yes | colleague | vibrant,champagne-congratulations-blooms|sunshine-birthday-bouquet|gratitude-garden-bouquet,champagne-congratulations-blooms,Same-day delivery across Kingston for orders placed before 1pm; presented in a protective bouquet sleeve.,"Unwrap, trim stems at an angle, and place in fresh cool water; refresh water every two days and keep away from direct heat.","Core best-seller, available year-round; mix varies with seasonal bright blooms.",experience:deluxe|channel:retail|delivery:same-day|occasion:congratulations|collection:best-seller|flower:mixed|palette:bright|style:hand-tied|format:bouquet|tier:premium|recipient:her,"A finished gift-ready premium hand-tied bouquet of vivid mixed roses and gerbera daisies with alstroemeria and spray roses, framed by ruscus and seeded eucalyptus, hand-arranged with refined density in an exuberant rounded dome, wrapped in premium kraft and ivory tissue, tied with a plain smooth champagne-gold and black satin ribbon, completely blank — no text. Eye-level straight-on angle. Centred composition with generous negative space and roughly 10% margin. Soft luxury studio lighting, balanced exposure, gentle highlights. Soft warm ivory-to-pale-taupe seamless studio background with a gentle grounding shadow — no black, no hard shadows. Warm, natural, true-to-life, premium editorial grading. Vertical 4:5 crop. Photorealistic high-end florist catalogue quality; botanically accurate; no AI artifacts, no malformed or duplicated petals, no text, no logo, no watermark, no people, no hands."
thank-you-peach-bouquet,Thank You Peach Bouquet,existing,thank-you|luxury-bouquet,thank-you,Luxury Bouquet,premium,95,125,Peach roses,Peach lisianthus|spray roses,Silver dollar eucalyptus,pastel,Hand-tied softly domed,Premium kraft and ivory tissue,"Champagne-gold and black satin ribbon, blank",Hand-tied bouquet — no vessel,Classic|Grand|Opulent,"Warm peach roses hand-tied to say a heartfelt, gracious thank you.","Gratitude has a colour, and it is the soft warm peach of these roses gathered gently by hand. Understated yet deeply sincere, this bouquet carries the kind of thank-you that words often struggle to hold — for the mentor, the friend, the one who showed up. Wrapped in ivory tissue and finished with satin ribbon, it arrives same-day in Kingston, gracious and glowing.",Thank You Peach Bouquet | Luxury Flower Delivery Kingston | The New Greenhouse,Warm peach roses hand-tied to express heartfelt gratitude. An elegant premium thank-you bouquet with same-day Kingston delivery.,"thank you flowers Kingston, peach rose bouquet, gratitude flowers, thank you bouquet Jamaica, peach roses, same-day flower delivery",Thank You Peach Bouquet — soft peach roses hand-tied in ivory tissue by The New Greenhouse,thank-you | her | grateful | premium-tier | pastel | same-day-yes | friend | gracious,gratitude-garden-bouquet|new-baby-soft-pastels-bouquet|get-well-luxe,gratitude-garden-bouquet,Same-day delivery across Kingston for orders placed before 1pm; presented in a protective bouquet sleeve.,"Unwrap, trim stems at an angle, and place in fresh cool water; refresh water every two days and keep away from direct heat.",Available year-round; peach rose tones may vary subtly by season.,experience:deluxe|channel:retail|delivery:same-day|occasion:thank-you|collection:luxury-bouquet|flower:rose|palette:pastel|style:hand-tied|format:bouquet|tier:premium|recipient:her,"A finished gift-ready premium hand-tied bouquet of soft peach roses with peach lisianthus and spray roses, softened by silver dollar eucalyptus, hand-arranged with refined density in a soft dome, wrapped in premium kraft and ivory tissue, tied with a plain smooth champagne-gold and black satin ribbon, completely blank — no text. Eye-level straight-on angle. Centred composition with generous negative space and roughly 10% margin. Soft luxury studio lighting, balanced exposure, gentle highlights. Soft warm ivory-to-pale-taupe seamless studio background with a gentle grounding shadow — no black, no hard shadows. Warm, natural, true-to-life, premium editorial grading. Vertical 4:5 crop. Photorealistic high-end florist catalogue quality; botanically accurate; no AI artifacts, no malformed or duplicated petals, no text, no logo, no watermark, no people, no hands."
get-well-luxe,Get Well Luxe,existing,get-well|luxury-bouquet,get-well,Luxury Bouquet,premium,90,120,Soft yellow and white roses,White lisianthus|yellow spray roses,Eucalyptus|ruscus,pastel,Hand-tied gentle rounded gathering,Premium kraft and ivory tissue,"Champagne-gold and black satin ribbon, blank",Hand-tied bouquet — no vessel,Classic|Grand|Opulent,"Soft, cheerful blooms hand-tied to send warmth and a speedy recovery.","A gentle, uplifting gathering of soft yellow and white blooms — bright enough to lift a room, tender enough to soothe. This is the bouquet that sits at a bedside and quietly says get well soon, thinking of you, take your time. Wrapped in ivory tissue and delivered same-day across Kingston, it carries comfort and cheer in equal measure.",Get Well Luxe | Luxury Flower Delivery Kingston | The New Greenhouse,Soft cheerful yellow and white blooms hand-tied to wish a speedy recovery. A comforting premium bouquet with same-day Kingston delivery.,"get well flowers Kingston, get well soon bouquet, cheerful flowers, recovery flowers Jamaica, feel better flowers, same-day flower delivery",Get Well Luxe — soft yellow and white roses hand-tied in ivory tissue by The New Greenhouse,get-well | her | comforting | premium-tier | pastel | same-day-yes | family | caring,get-well-sunshine-basket|thank-you-peach-bouquet|sunshine-birthday-bouquet,get-well-sunshine-basket,Same-day delivery across Kingston for orders placed before 1pm; presented in a protective bouquet sleeve. Hospital delivery available — confirm ward policy.,"Unwrap, trim stems at an angle, and place in fresh cool water; refresh water every two days and keep away from direct heat.","Available year-round; some hospitals restrict fresh flowers, so check ward rules before sending.",experience:deluxe|channel:retail|delivery:same-day|occasion:get-well|collection:luxury-bouquet|flower:rose|palette:pastel|style:hand-tied|format:bouquet|tier:premium|recipient:her,"A finished gift-ready premium hand-tied bouquet of soft yellow and white roses with white lisianthus and yellow spray roses, softened by eucalyptus and ruscus, hand-arranged with refined density in a gentle rounded dome, wrapped in premium kraft and ivory tissue, tied with a plain smooth champagne-gold and black satin ribbon, completely blank — no text. Eye-level straight-on angle. Centred composition with generous negative space and roughly 10% margin. Soft luxury studio lighting, balanced exposure, gentle highlights. Soft warm ivory-to-pale-taupe seamless studio background with a gentle grounding shadow — no black, no hard shadows. Warm, natural, true-to-life, premium editorial grading. Vertical 4:5 crop. Photorealistic high-end florist catalogue quality; botanically accurate; no AI artifacts, no malformed or duplicated petals, no text, no logo, no watermark, no people, no hands."
new-baby-soft-pastels-bouquet,New Baby Soft Pastels Bouquet,existing,new-baby|luxury-bouquet,new-baby,Luxury Bouquet,premium,95,125,"Pastel roses (soft peach, ivory, pale yellow)",Lisianthus|spray roses,Silver dollar eucalyptus,pastel,Hand-tied softly domed,Premium kraft and ivory tissue,"Champagne-gold and black satin ribbon, blank",Hand-tied bouquet — no vessel,Classic|Grand|Opulent,"A tender pastel bouquet to welcome a new arrival, whoever they are.","Soft as a first lullaby, this gender-neutral gathering of pastel roses and lisianthus welcomes the newest little one with quiet, gentle joy. The muted peaches, ivories and pale yellows suit any nursery and any new family, carrying a wish for sweet beginnings. Wrapped in ivory tissue and delivered same-day across Kingston, it greets the growing family with grace.",New Baby Soft Pastels Bouquet | Luxury Flower Delivery Kingston | The New Greenhouse,A tender gender-neutral pastel bouquet to welcome a new baby. A gentle premium gift with same-day Kingston delivery.,"new baby flowers Kingston, new baby bouquet, welcome baby flowers, pastel baby bouquet, newborn flowers Jamaica, same-day flower delivery",New Baby Soft Pastels Bouquet — soft pastel roses hand-tied in ivory tissue by The New Greenhouse,new-baby | new-parent | celebratory | premium-tier | pastel | same-day-yes | family | gentle,new-baby-boy-blue-bouquet|new-baby-girl-pink-bouquet|thank-you-peach-bouquet,new-baby-girl-pink-bouquet,Same-day delivery across Kingston for orders placed before 1pm; presented in a protective bouquet sleeve. Hospital delivery available — confirm ward policy.,"Unwrap, trim stems at an angle, and place in fresh cool water; refresh water every two days and keep away from direct heat.",Available year-round; unisex palette suits any new arrival.,experience:deluxe|channel:retail|delivery:same-day|occasion:new-baby|collection:luxury-bouquet|flower:mixed|palette:pastel|style:hand-tied|format:bouquet|tier:premium|recipient:new-parent,"A finished gift-ready premium hand-tied bouquet of soft neutral pastel roses in peach, ivory and pale yellow with lisianthus and spray roses, softened by silver dollar eucalyptus, hand-arranged with refined density in a soft dome, wrapped in premium kraft and ivory tissue, tied with a plain smooth champagne-gold and black satin ribbon, completely blank — no text. Eye-level straight-on angle. Centred composition with generous negative space and roughly 10% margin. Soft luxury studio lighting, balanced exposure, gentle highlights. Soft warm ivory-to-pale-taupe seamless studio background with a gentle grounding shadow — no black, no hard shadows. Warm, natural, true-to-life, premium editorial grading. Vertical 4:5 crop. Photorealistic high-end florist catalogue quality; botanically accurate; no AI artifacts, no malformed or duplicated petals, no text, no logo, no watermark, no people, no hands."
birthday-balloon-bloom-box,Birthday Balloon Bloom Box,new,birthday|luxury-bouquet,birthday,Floral Arrangement,premium,115,145,Bright gerbera daisies|hot pink and orange roses,Spray roses|solidago,Salal|ruscus,bright,Densely packed dome in a box with a balloon accent,Presented in box — no wrap,"Champagne-gold and black satin ribbon, blank",Ivory round gift box with a champagne-gold balloon accent,Classic|Grand|Opulent,A box of bright blooms crowned with a balloon for a birthday to remember.,"All the fun of a birthday, gift-boxed and ready to celebrate — a dense dome of bright gerberas and roses topped with a single elegant balloon that says the party has arrived. It is playful and polished at once, the kind of surprise that earns a squeal and a photo. Delivered same-day across Kingston, it turns an ordinary doorway into a moment worth remembering.",Birthday Balloon Bloom Box | Luxury Flower Delivery Kingston | The New Greenhouse,A bright bloom box crowned with a balloon accent for birthdays. A festive premium gift with same-day Kingston delivery.,"birthday flowers Kingston, balloon and flowers, birthday box, bright birthday blooms, happy birthday gift Jamaica, same-day flower delivery",Birthday Balloon Bloom Box — bright gerberas and roses in an ivory box with a balloon accent by The New Greenhouse,birthday | her | cheerful | premium-tier | bright | same-day-yes | friend | playful,sunshine-birthday-bouquet|congratulations-brights-bouquet|get-well-sunshine-basket,milestone-birthday-roses,Same-day delivery across Kingston for orders placed before 1pm; box is hand-delivered upright with the balloon secured.,Blooms are set in floral foam within the box — add a little water to the foam every two days and keep out of direct sun and heat.,"New piece; balloon colour subject to stock, champagne-gold or ivory may substitute.",experience:deluxe|channel:retail|delivery:same-day|occasion:birthday|collection:luxury-bouquet|flower:mixed|palette:bright|style:arrangement|format:box|tier:premium|recipient:her,"A finished gift-ready premium floral arrangement of bright gerbera daisies with hot pink and orange roses, spray roses and solidago, tucked with salal and ruscus, hand-arranged with refined density into a tight rounded dome filling an ivory round gift box, with a single plain champagne-gold balloon rising as an accent, box finished with a plain smooth champagne-gold and black satin ribbon, completely blank — no text. Eye-level straight-on angle. Centred composition with generous negative space and roughly 10% margin. Soft luxury studio lighting, balanced exposure, gentle highlights. Soft warm ivory-to-pale-taupe seamless studio background with a gentle grounding shadow — no black, no hard shadows. Warm, natural, true-to-life, premium editorial grading. Vertical 4:5 crop. Photorealistic high-end florist catalogue quality; botanically accurate; no AI artifacts, no malformed or duplicated petals, no text, no logo, no watermark, no people, no hands."
milestone-birthday-roses,Milestone Birthday Roses,new,birthday|signature,birthday,Floral Arrangement,luxury,165,195,"Two dozen premium roses (blush, cream, soft coral)",Ranunculus|spray roses,Seeded eucalyptus|Italian ruscus,pastel,Full elegant low-and-lush arrangement,Presented in vessel — no wrap,"Champagne-gold and black satin ribbon, blank",Footed ivory ceramic vase,Grand (24)|Opulent (36),Two dozen elegant roses for a birthday that deserves a grand gesture.,"Some birthdays are not just another year — they are milestones, and they call for roses that rise to the occasion. Two dozen premium blooms in soft blush, cream and coral are arranged in refined abundance, a gift as considered as the person receiving it. Delivered same-day across Kingston, it marks the day with the quiet grandeur a landmark birthday deserves.",Milestone Birthday Roses | Luxury Flower Delivery Kingston | The New Greenhouse,Two dozen elegant roses in a luxury arrangement for a milestone birthday. A grand premium gift with same-day Kingston delivery.,"milestone birthday flowers, luxury birthday roses Kingston, 30th birthday flowers, elegant birthday arrangement, birthday roses Jamaica, same-day flower delivery",Milestone Birthday Roses — two dozen blush and cream roses in a footed ivory vase by The New Greenhouse,birthday | her | celebratory | luxury-tier | pastel | same-day-yes | family | elegant,sunshine-birthday-bouquet|birthday-balloon-bloom-box|champagne-congratulations-blooms,champagne-congratulations-blooms,Same-day delivery across Kingston for orders placed before 1pm; hand-delivered in a protective vase box.,"Keep vessel topped with fresh water, trim stems every two days, and display away from direct sun and fruit to extend bloom life.",New signature-style piece; rose tones may vary subtly by season.,experience:deluxe|channel:retail|delivery:same-day|occasion:birthday|collection:signature|flower:rose|palette:pastel|style:arrangement|format:vase|tier:luxury|recipient:her,"A finished gift-ready premium floral arrangement of two dozen premium roses in soft blush, cream and coral with ranunculus and spray roses, framed by seeded eucalyptus and Italian ruscus, hand-arranged with refined density in a full low rounded dome, set in a footed ivory ceramic vase, tied with a plain smooth champagne-gold and black satin ribbon, completely blank — no text. Eye-level straight-on angle. Centred composition with generous negative space and roughly 10% margin. Soft luxury studio lighting, balanced exposure, gentle highlights. Soft warm ivory-to-pale-taupe seamless studio background with a gentle grounding shadow — no black, no hard shadows. Warm, natural, true-to-life, premium editorial grading. Vertical 4:5 crop. Photorealistic high-end florist catalogue quality; botanically accurate; no AI artifacts, no malformed or duplicated petals, no text, no logo, no watermark, no people, no hands."
champagne-congratulations-blooms,Champagne Congratulations Blooms,new,congratulations|signature,congratulations,Floral Arrangement,luxury,175,210,White roses|white lilies,White lisianthus|cream ranunculus,Gilded ruscus|seeded eucalyptus,mixed,Full elegant low-and-lush arrangement with gold-touched accents,Presented in vessel — no wrap,"Champagne-gold and black satin ribbon, blank",Footed ivory ceramic vase,Grand|Opulent,White and gold blooms arranged to toast a truly major achievement.,"Some victories deserve champagne, and these are the flowers to raise alongside it — pristine white roses and lilies touched with gilded greenery for pure, celebratory elegance. It is the arrangement for the corner office, the big win, the moment worth framing, refined enough to honour the achievement without shouting. Delivered same-day across Kingston, it lets you say congratulations with unmistakable class.",Champagne Congratulations Blooms | Luxury Flower Delivery Kingston | The New Greenhouse,White and gold roses and lilies in a luxury arrangement to celebrate a big achievement. A refined premium gift with same-day Kingston delivery.,"congratulations flowers Kingston, white and gold flowers, luxury congratulations arrangement, promotion flowers, celebration flowers Jamaica, same-day flower delivery",Champagne Congratulations Blooms — white roses and lilies with gilded greenery in a footed ivory vase by The New Greenhouse,congratulations | him | celebratory | luxury-tier | mixed | same-day-yes | colleague | sophisticated,congratulations-brights-bouquet|milestone-birthday-roses|gratitude-garden-bouquet,milestone-birthday-roses,Same-day delivery across Kingston for orders placed before 1pm; hand-delivered in a protective vase box. Office delivery available.,"Keep vessel topped with fresh water, trim stems every two days, and remove lily pollen anthers to protect petals and surfaces.",New signature-style piece; lily stems open over 1–2 days for a longer display.,experience:deluxe|channel:retail|delivery:same-day|occasion:congratulations|collection:signature|flower:lily|palette:mixed|style:arrangement|format:vase|tier:luxury|recipient:him,"A finished gift-ready premium floral arrangement of pristine white roses and white lilies with white lisianthus and cream ranunculus, framed by gilded ruscus and seeded eucalyptus, hand-arranged with refined density in a full low rounded dome, set in a footed ivory ceramic vase, tied with a plain smooth champagne-gold and black satin ribbon, completely blank — no text. Eye-level straight-on angle. Centred composition with generous negative space and roughly 10% margin. Soft luxury studio lighting, balanced exposure, gentle highlights. Soft warm ivory-to-pale-taupe seamless studio background with a gentle grounding shadow — no black, no hard shadows. Warm, natural, true-to-life, premium editorial grading. Vertical 4:5 crop. Photorealistic high-end florist catalogue quality; botanically accurate; no AI artifacts, no malformed or duplicated petals, no text, no logo, no watermark, no people, no hands."
gratitude-garden-bouquet,Gratitude Garden Bouquet,new,thank-you|luxury-bouquet,thank-you,Luxury Bouquet,premium,105,135,Garden roses|lisianthus,Ranunculus|stock|spray roses,Seeded eucalyptus|jasmine vine,pastel,Loose garden-gathered hand-tied,Premium kraft and ivory tissue,"Champagne-gold and black satin ribbon, blank",Hand-tied bouquet — no vessel,Classic|Grand|Opulent,"A soft, garden-gathered bouquet for a thank-you that feels heartfelt.","Loose, unhurried and lovingly gathered, this garden-style bouquet mixes soft roses, lisianthus and stock as though picked fresh from a private garden that morning. It carries a gentle, genuine thank-you — the kind you send when someone's kindness deserves more than a note. Wrapped in ivory tissue and delivered same-day across Kingston, it arrives with warmth in every stem.",Gratitude Garden Bouquet | Luxury Flower Delivery Kingston | The New Greenhouse,"A soft garden-style bouquet of roses, lisianthus and stock to say thank you. A heartfelt premium gift with same-day Kingston delivery.","thank you flowers Kingston, garden bouquet, gratitude flowers, thank you bouquet Jamaica, garden roses, same-day flower delivery",Gratitude Garden Bouquet — soft garden roses and lisianthus hand-tied in ivory tissue by The New Greenhouse,thank-you | her | grateful | premium-tier | pastel | same-day-yes | friend | gracious,thank-you-peach-bouquet|get-well-luxe|new-baby-soft-pastels-bouquet,champagne-congratulations-blooms,Same-day delivery across Kingston for orders placed before 1pm; presented in a protective bouquet sleeve.,"Unwrap, trim stems at an angle, and place in fresh cool water; refresh water every two days and keep away from direct heat.",New piece; garden mix varies gently with the season for a natural look.,experience:deluxe|channel:retail|delivery:same-day|occasion:thank-you|collection:luxury-bouquet|flower:mixed|palette:pastel|style:hand-tied|format:bouquet|tier:premium|recipient:her,"A finished gift-ready premium hand-tied bouquet of soft garden roses and lisianthus with ranunculus, stock and spray roses, softened by seeded eucalyptus and trailing jasmine vine, hand-arranged with refined density in a loose garden-gathered dome, wrapped in premium kraft and ivory tissue, tied with a plain smooth champagne-gold and black satin ribbon, completely blank — no text. Eye-level straight-on angle. Centred composition with generous negative space and roughly 10% margin. Soft luxury studio lighting, balanced exposure, gentle highlights. Soft warm ivory-to-pale-taupe seamless studio background with a gentle grounding shadow — no black, no hard shadows. Warm, natural, true-to-life, premium editorial grading. Vertical 4:5 crop. Photorealistic high-end florist catalogue quality; botanically accurate; no AI artifacts, no malformed or duplicated petals, no text, no logo, no watermark, no people, no hands."
get-well-sunshine-basket,Get Well Sunshine Basket,new,get-well|luxury-bouquet,get-well,Floral Arrangement,premium,105,135,Sunflowers|yellow gerbera daisies,Yellow roses|white daisies|solidago,Salal|ruscus,bright,Full cheerful basket arrangement,Presented in basket — no wrap,"Champagne-gold and black satin ribbon, blank",Natural woven handled basket,Classic|Grand|Opulent,A cheerful basket of sunny blooms to brighten a recovery.,"Sunshine you can send — a warm woven basket brimming with sunflowers, gerberas and yellow roses that fills a room with cheer the moment it arrives. Its ready-to-display basket needs no vase, making it a thoughtful choice for a bedside, a hospital room or a home that could use a lift. Delivered same-day across Kingston, it carries a heartfelt wish to feel better soon.",Get Well Sunshine Basket | Luxury Flower Delivery Kingston | The New Greenhouse,A cheerful woven basket of sunflowers and gerberas to brighten a recovery. A warm premium get-well gift with same-day Kingston delivery.,"get well basket Kingston, sunflower basket, feel better flowers, get well soon gift, recovery flowers Jamaica, same-day flower delivery",Get Well Sunshine Basket — sunflowers and yellow gerberas in a woven handled basket by The New Greenhouse,get-well | family | comforting | premium-tier | bright | same-day-yes | friend | caring,get-well-luxe|sunshine-birthday-bouquet|birthday-balloon-bloom-box,milestone-birthday-roses,Same-day delivery across Kingston for orders placed before 1pm; basket is hand-delivered upright. Hospital delivery available — confirm ward policy.,Blooms are set in floral foam within the basket — add a little water to the foam every two days and keep out of direct sun and heat.,"New piece; some hospitals restrict fresh flowers, so check ward rules before sending.",experience:deluxe|channel:retail|delivery:same-day|occasion:get-well|collection:luxury-bouquet|flower:sunflower|palette:bright|style:basket|format:basket|tier:premium|recipient:family,"A finished gift-ready premium floral arrangement of sunflowers and yellow gerbera daisies with yellow roses, white daisies and solidago, tucked with salal and ruscus, hand-arranged with refined density in a full cheerful mound filling a natural woven handled basket, finished with a plain smooth champagne-gold and black satin ribbon, completely blank — no text. Eye-level straight-on angle. Centred composition with generous negative space and roughly 10% margin. Soft luxury studio lighting, balanced exposure, gentle highlights. Soft warm ivory-to-pale-taupe seamless studio background with a gentle grounding shadow — no black, no hard shadows. Warm, natural, true-to-life, premium editorial grading. Vertical 4:5 crop. Photorealistic high-end florist catalogue quality; botanically accurate; no AI artifacts, no malformed or duplicated petals, no text, no logo, no watermark, no people, no hands."
new-baby-boy-blue-bouquet,New Baby Boy Blue Bouquet,new,new-baby|luxury-bouquet,new-baby,Luxury Bouquet,premium,95,125,White roses|soft blue delphinium,White lisianthus|blue hydrangea,Silver dollar eucalyptus,blue,Hand-tied softly domed,Premium kraft and ivory tissue,"Champagne-gold and black satin ribbon, blank",Hand-tied bouquet — no vessel,Classic|Grand|Opulent,Soft blue and white blooms hand-tied to welcome a baby boy.,"Gentle as a nursery lullaby, this bouquet pairs crisp white roses with soft blue delphinium and hydrangea to welcome the little one with tender joy. The cool, calming palette carries every good wish for the newest addition and the family who adores him already. Wrapped in ivory tissue and delivered same-day across Kingston, it greets the new arrival with grace.",New Baby Boy Blue Bouquet | Luxury Flower Delivery Kingston | The New Greenhouse,Soft blue and white blooms hand-tied to welcome a baby boy. A gentle premium new-baby gift with same-day Kingston delivery.,"new baby boy flowers, baby boy bouquet Kingston, welcome baby boy, blue baby flowers, newborn boy flowers Jamaica, same-day flower delivery",New Baby Boy Blue Bouquet — soft blue delphinium and white roses hand-tied in ivory tissue by The New Greenhouse,new-baby | new-parent | celebratory | premium-tier | blue | same-day-yes | family | gentle,new-baby-soft-pastels-bouquet|new-baby-girl-pink-bouquet|get-well-luxe,milestone-birthday-roses,Same-day delivery across Kingston for orders placed before 1pm; presented in a protective bouquet sleeve. Hospital delivery available — confirm ward policy.,"Unwrap, trim stems at an angle, and place in fresh cool water; refresh water every two days and keep away from direct heat.",New piece; blue hydrangea and delphinium availability may vary by season.,experience:deluxe|channel:retail|delivery:same-day|occasion:new-baby|collection:luxury-bouquet|flower:mixed|palette:blue|style:hand-tied|format:bouquet|tier:premium|recipient:new-parent,"A finished gift-ready premium hand-tied bouquet of crisp white roses with soft blue delphinium and blue hydrangea and white lisianthus, softened by silver dollar eucalyptus, hand-arranged with refined density in a soft dome, wrapped in premium kraft and ivory tissue, tied with a plain smooth champagne-gold and black satin ribbon, completely blank — no text. Eye-level straight-on angle. Centred composition with generous negative space and roughly 10% margin. Soft luxury studio lighting, balanced exposure, gentle highlights. Soft warm ivory-to-pale-taupe seamless studio background with a gentle grounding shadow — no black, no hard shadows. Warm, natural, true-to-life, premium editorial grading. Vertical 4:5 crop. Photorealistic high-end florist catalogue quality; botanically accurate; no AI artifacts, no malformed or duplicated petals, no text, no logo, no watermark, no people, no hands."
new-baby-girl-pink-bouquet,New Baby Girl Pink Bouquet,new,new-baby|luxury-bouquet,new-baby,Luxury Bouquet,premium,95,125,Soft pink roses|pink lisianthus,Blush spray roses|pink ranunculus,Silver dollar eucalyptus,pink,Hand-tied softly domed,Premium kraft and ivory tissue,"Champagne-gold and black satin ribbon, blank",Hand-tied bouquet — no vessel,Classic|Grand|Opulent,Soft pink blooms hand-tied to welcome a baby girl.,"Tender and sweet as a first cuddle, this bouquet gathers soft pink roses, lisianthus and ranunculus into a gentle celebration of a new little girl. The blush palette is delicate and joyful, carrying every hope for the newest arrival and the family made a little bigger. Wrapped in ivory tissue and delivered same-day across Kingston, it welcomes her with grace.",New Baby Girl Pink Bouquet | Luxury Flower Delivery Kingston | The New Greenhouse,Soft pink roses and ranunculus hand-tied to welcome a baby girl. A gentle premium new-baby gift with same-day Kingston delivery.,"new baby girl flowers, baby girl bouquet Kingston, welcome baby girl, pink baby flowers, newborn girl flowers Jamaica, same-day flower delivery",New Baby Girl Pink Bouquet — soft pink roses and ranunculus hand-tied in ivory tissue by The New Greenhouse,new-baby | new-parent | celebratory | premium-tier | pink | same-day-yes | family | gentle,new-baby-soft-pastels-bouquet|new-baby-boy-blue-bouquet|thank-you-peach-bouquet,milestone-birthday-roses,Same-day delivery across Kingston for orders placed before 1pm; presented in a protective bouquet sleeve. Hospital delivery available — confirm ward policy.,"Unwrap, trim stems at an angle, and place in fresh cool water; refresh water every two days and keep away from direct heat.",New piece; pink rose tones may vary subtly by season.,experience:deluxe|channel:retail|delivery:same-day|occasion:new-baby|collection:luxury-bouquet|flower:rose|palette:pink|style:hand-tied|format:bouquet|tier:premium|recipient:new-parent,"A finished gift-ready premium hand-tied bouquet of soft pink roses with pink lisianthus, blush spray roses and pink ranunculus, softened by silver dollar eucalyptus, hand-arranged with refined density in a soft dome, wrapped in premium kraft and ivory tissue, tied with a plain smooth champagne-gold and black satin ribbon, completely blank — no text. Eye-level straight-on angle. Centred composition with generous negative space and roughly 10% margin. Soft luxury studio lighting, balanced exposure, gentle highlights. Soft warm ivory-to-pale-taupe seamless studio background with a gentle grounding shadow — no black, no hard shadows. Warm, natural, true-to-life, premium editorial grading. Vertical 4:5 crop. Photorealistic high-end florist catalogue quality; botanically accurate; no AI artifacts, no malformed or duplicated petals, no text, no logo, no watermark, no people, no hands."
white-orchid-elegance,White Orchid Elegance,existing,signature-collection|luxury-bouquet|best-seller,everyday|romance,Floral Arrangement,luxury,175,205,White phalaenopsis orchids,White spray roses,Broad tropical leaves|ruscus,white,Sculptural architectural upright arrangement,Presented in vessel — no wrap,"Champagne-gold and black satin ribbon, blank",Tall ivory ceramic cylinder vase,Classic|Grand|Opulent,"Sculptural white phalaenopsis orchids in serene, architectural elegance.","White phalaenopsis orchids arch with quiet, sculptural grace, each stem placed to trace an effortless line of pure elegance. It is a study in restraint — the kind of beauty that speaks in a whisper yet fills an entire room. Set in a tall ivory vessel and hand-arranged for balance, White Orchid Elegance arrives same-day in Kingston to bring calm, luminous sophistication to any space.",White Orchid Elegance | Luxury Flower Delivery Kingston | The New Greenhouse,Sculptural white phalaenopsis orchids in a serene luxury arrangement. An architectural statement of elegance with same-day Kingston delivery.,"white orchid arrangement, phalaenopsis orchids Kingston, luxury orchids Jamaica, elegant white flowers, sculptural floral arrangement, same-day flower delivery",White Orchid Elegance — sculptural white phalaenopsis orchids in a tall ivory vase by The New Greenhouse,everyday | her | sophisticated | luxury-tier | white | same-day-yes | partner | modern,signature-ivory-blush-bouquet|royal-hydrangea-arrangement|black-gold-orchid-statement,black-gold-orchid-statement,Same-day delivery across Kingston for orders placed before 1pm; hand-delivered upright in a protective vase box.,"Keep the vessel with a little fresh water, mist orchid blooms lightly, and display away from direct sun and drafts to extend life.","Core best-seller, available year-round; orchid stem count scales with size selected.",experience:deluxe|channel:retail|delivery:same-day|occasion:everyday|occasion:romance|collection:signature|flower:orchid|palette:white|style:arrangement|format:vase|tier:luxury|recipient:her,"A finished gift-ready premium floral arrangement of white phalaenopsis orchids with white spray roses, hand-arranged with refined density in a tall sculptural upright shape, accented by broad tropical leaves and ruscus, set in a tall ivory ceramic cylinder vase, tied with a plain smooth champagne-gold and black satin ribbon, completely blank — no text. Eye-level straight-on angle. Centred composition with generous negative space and roughly 10% margin. Soft luxury studio lighting, balanced exposure, gentle highlights. Soft warm ivory-to-pale-taupe seamless studio background with a gentle grounding shadow — no black, no hard shadows. Warm, natural, true-to-life, premium editorial grading. Vertical 4:5 crop. Photorealistic high-end florist catalogue quality; botanically accurate; no AI artifacts, no malformed or duplicated petals, no text, no logo, no watermark, no people, no hands."
signature-ivory-blush-bouquet,Signature Ivory & Blush Bouquet,existing,signature-collection|luxury-bouquet|best-seller,everyday|romance,Luxury Bouquet,luxury,165,195,Ivory garden roses|blush roses,Lisianthus|ranunculus|spray roses,Silver dollar eucalyptus|seeded eucalyptus,ivory,Lush garden-gathered hand-tied,Premium kraft and ivory tissue,"Champagne-gold and black satin ribbon, blank",Hand-tied bouquet — no vessel,Classic|Grand|Opulent,"Our signature ivory and blush garden roses, lush and hand-gathered.","Ivory garden roses and soft blush blooms are gathered into the bouquet that defines The New Greenhouse — endlessly elegant, quietly romantic, forever in season. Ruffled ranunculus and airy lisianthus lend it the tousled fullness of a private garden at first light. Hand-tied in ivory tissue and finished with satin ribbon, it arrives same-day in Kingston as the effortless gift for every graceful occasion.",Signature Ivory & Blush Bouquet | Luxury Flower Delivery Kingston | The New Greenhouse,"Ivory and blush garden roses hand-tied into our signature luxury bouquet. Lush, romantic and elegant, with same-day Kingston delivery.","ivory rose bouquet, blush garden roses Kingston, signature luxury bouquet Jamaica, hand-tied flowers, elegant bouquet, same-day flower delivery",Signature Ivory & Blush Bouquet — ivory and blush garden roses hand-tied in ivory tissue by The New Greenhouse,everyday | her | romantic | luxury-tier | ivory | same-day-yes | partner | classic,white-orchid-elegance|luxury-mixed-garden-bouquet|royal-hydrangea-arrangement,greenhouse-signature-100-roses,Same-day delivery across Kingston for orders placed before 1pm; presented in a protective bouquet sleeve.,"Unwrap, trim stems at an angle, and place in fresh cool water; refresh every two days and keep away from direct heat and sun.","Signature best-seller, available year-round; blush and ivory tones may vary subtly by season.",experience:deluxe|channel:retail|delivery:same-day|occasion:everyday|occasion:romance|collection:signature|flower:rose|palette:ivory|style:hand-tied|format:bouquet|tier:luxury|recipient:her,"A finished gift-ready premium hand-tied bouquet of ivory garden roses and blush roses with lisianthus, ranunculus and spray roses, hand-arranged with refined density in a lush garden-gathered dome, softened by silver dollar and seeded eucalyptus, wrapped in premium kraft and ivory tissue, tied with a plain smooth champagne-gold and black satin ribbon, completely blank — no text. Eye-level straight-on angle. Centred composition with generous negative space and roughly 10% margin. Soft luxury studio lighting, balanced exposure, gentle highlights. Soft warm ivory-to-pale-taupe seamless studio background with a gentle grounding shadow — no black, no hard shadows. Warm, natural, true-to-life, premium editorial grading. Vertical 4:5 crop. Photorealistic high-end florist catalogue quality; botanically accurate; no AI artifacts, no malformed or duplicated petals, no text, no logo, no watermark, no people, no hands."
royal-hydrangea-arrangement,Royal Hydrangea Arrangement,existing,luxury-bouquet|signature-collection,everyday,Floral Arrangement,luxury,160,190,Blue and white hydrangea,White roses|lisianthus,Silver dollar eucalyptus|ruscus,white,Full rounded low-and-lush arrangement,Presented in vessel — no wrap,"Champagne-gold and black satin ribbon, blank",Footed ivory ceramic vase,Classic|Grand|Opulent,"Billowing blue and white hydrangea in a lush, rounded arrangement.","Full clouds of blue and white hydrangea billow into an arrangement of cool, aristocratic calm, brightened by crisp white roses. There is something timeless in its softness — a serene, garden-estate beauty that feels both grand and gentle. Hand-arranged low and lush in a footed ivory vessel, the Royal Hydrangea Arrangement arrives same-day in Kingston to bring quiet elegance to any table.",Royal Hydrangea Arrangement | Luxury Flower Delivery Kingston | The New Greenhouse,"Blue and white hydrangea with white roses in a lush luxury arrangement. Cool, elegant and serene, with same-day Kingston delivery.","hydrangea arrangement Kingston, blue hydrangea flowers, luxury flowers Jamaica, white rose arrangement, elegant table flowers, same-day flower delivery",Royal Hydrangea Arrangement — blue and white hydrangea with white roses in a footed ivory vase by The New Greenhouse,everyday | her | sophisticated | luxury-tier | white | same-day-yes | family | classic,white-orchid-elegance|signature-ivory-blush-bouquet|luxury-mixed-garden-bouquet,white-orchid-elegance,Same-day delivery across Kingston for orders placed before 1pm; hand-delivered in a protective vase box.,Keep the vessel topped with plenty of fresh water — hydrangea drink deeply — trim stems every two days and keep out of direct sun.,Available year-round; hydrangea head size and blue tone may vary with season.,experience:deluxe|channel:retail|delivery:same-day|occasion:everyday|collection:luxury-bouquet|flower:hydrangea|palette:white|style:arrangement|format:vase|tier:luxury|recipient:her,"A finished gift-ready premium floral arrangement of billowing blue and white hydrangea with white roses and lisianthus, hand-arranged with refined density in a full rounded low dome, framed by silver dollar eucalyptus and ruscus, set in a footed ivory ceramic vase, tied with a plain smooth champagne-gold and black satin ribbon, completely blank — no text. Eye-level straight-on angle. Centred composition with generous negative space and roughly 10% margin. Soft luxury studio lighting, balanced exposure, gentle highlights. Soft warm ivory-to-pale-taupe seamless studio background with a gentle grounding shadow — no black, no hard shadows. Warm, natural, true-to-life, premium editorial grading. Vertical 4:5 crop. Photorealistic high-end florist catalogue quality; botanically accurate; no AI artifacts, no malformed or duplicated petals, no text, no logo, no watermark, no people, no hands."
luxury-mixed-garden-bouquet,Luxury Mixed Garden Bouquet,existing,luxury-bouquet|signature-collection|best-seller,everyday,Luxury Bouquet,luxury,155,185,Garden roses|ranunculus|lisianthus,Spray roses|stock|waxflower,Seeded eucalyptus|Italian ruscus,mixed,Loose abundant garden-gathered hand-tied,Premium kraft and ivory tissue,"Champagne-gold and black satin ribbon, blank",Hand-tied bouquet — no vessel,Classic|Grand|Opulent,"A lavish, abundant mix of garden blooms in soft romantic tones.","An abundant gathering of garden roses, ranunculus and lisianthus tumbles together in soft, romantic harmony, as though freshly cut from a flourishing garden. Every stem earns its place, layered for that effortless, just-picked fullness our clients return for again and again. Hand-tied in ivory tissue and finished with satin ribbon, it arrives same-day in Kingston to make any day feel gloriously generous.",Luxury Mixed Garden Bouquet | Luxury Flower Delivery Kingston | The New Greenhouse,"A lavish mix of garden roses, ranunculus and lisianthus hand-tied in soft romantic tones. Abundant luxury bouquet with same-day Kingston delivery.","mixed garden bouquet, luxury flowers Kingston, garden rose bouquet Jamaica, ranunculus lisianthus, abundant flower bouquet, same-day flower delivery","Luxury Mixed Garden Bouquet — abundant garden roses, ranunculus and lisianthus hand-tied in ivory tissue by The New Greenhouse",everyday | her | romantic | luxury-tier | mixed | same-day-yes | family | classic,signature-ivory-blush-bouquet|royal-hydrangea-arrangement|seasonal-luxe-bouquet,white-orchid-elegance,Same-day delivery across Kingston for orders placed before 1pm; presented in a protective bouquet sleeve.,"Trim stems on arrival, place in fresh cool water, refresh every two days, and keep away from direct sun and ripening fruit.","Best-seller, available year-round; specific blooms vary with the freshest garden stems in season.",experience:deluxe|channel:retail|delivery:same-day|occasion:everyday|collection:luxury-bouquet|flower:mixed|palette:mixed|style:hand-tied|format:bouquet|tier:luxury|recipient:her,"A finished gift-ready premium hand-tied bouquet of mixed garden roses, ranunculus and lisianthus with spray roses, stock and waxflower in soft romantic tones, hand-arranged with refined density in a loose abundant garden-gathered dome, softened by seeded eucalyptus and Italian ruscus, wrapped in premium kraft and ivory tissue, tied with a plain smooth champagne-gold and black satin ribbon, completely blank — no text. Eye-level straight-on angle. Centred composition with generous negative space and roughly 10% margin. Soft luxury studio lighting, balanced exposure, gentle highlights. Soft warm ivory-to-pale-taupe seamless studio background with a gentle grounding shadow — no black, no hard shadows. Warm, natural, true-to-life, premium editorial grading. Vertical 4:5 crop. Photorealistic high-end florist catalogue quality; botanically accurate; no AI artifacts, no malformed or duplicated petals, no text, no logo, no watermark, no people, no hands."
luxury-tropical-arrangement,Luxury Tropical Arrangement,existing,luxury-bouquet|signature-collection,everyday,Floral Arrangement,luxury,170,200,Red anthurium|orange anthurium,Birds of paradise|tropical orchids,Monstera leaves|ti leaves|palm,bright,Bold architectural tropical arrangement,Presented in vessel — no wrap,"Champagne-gold and black satin ribbon, blank",Tall matte-stone ceramic vase,Classic|Grand|Opulent,Bold anthurium and birds of paradise in a striking tropical statement.,"Glossy anthurium and dramatic birds of paradise rise into a bold, architectural celebration of the island in full bloom. It is Jamaica distilled — vivid, confident, alive — sculpted with glossy monstera and ti leaves for true statement presence. Hand-arranged in a tall matte vessel, the Luxury Tropical Arrangement arrives same-day in Kingston to bring the drama of the tropics indoors.",Luxury Tropical Arrangement | Luxury Flower Delivery Kingston | The New Greenhouse,Bold anthurium and birds of paradise in a striking tropical arrangement. A vibrant island statement with same-day Kingston delivery.,"tropical arrangement Kingston, anthurium flowers Jamaica, birds of paradise, luxury tropical flowers, statement floral arrangement, same-day flower delivery",Luxury Tropical Arrangement — red and orange anthurium with birds of paradise in a tall matte ceramic vase by The New Greenhouse,everyday | him | bold | luxury-tier | bright | same-day-yes | partner | modern,black-gold-orchid-statement|white-orchid-elegance|royal-hydrangea-arrangement,black-gold-orchid-statement,Same-day delivery across Kingston for orders placed before 1pm; hand-delivered upright in a protective vase box.,"Keep the vessel topped with fresh water, mist tropical foliage lightly, and display in a warm spot away from cold drafts.",Available year-round; tropical stem selection reflects the freshest island-grown blooms.,experience:deluxe|channel:retail|delivery:same-day|occasion:everyday|collection:luxury-bouquet|flower:anthurium|palette:bright|style:arrangement|format:vase|tier:luxury|recipient:him,"A finished gift-ready premium floral arrangement of glossy red and orange anthurium with birds of paradise and tropical orchids, hand-arranged with refined density in a bold architectural upright shape, sculpted with monstera leaves, ti leaves and palm, set in a tall matte-stone ceramic vase, tied with a plain smooth champagne-gold and black satin ribbon, completely blank — no text. Eye-level straight-on angle. Centred composition with generous negative space and roughly 10% margin. Soft luxury studio lighting, balanced exposure, gentle highlights. Soft warm ivory-to-pale-taupe seamless studio background with a gentle grounding shadow — no black, no hard shadows. Warm, natural, true-to-life, premium editorial grading. Vertical 4:5 crop. Photorealistic high-end florist catalogue quality; botanically accurate; no AI artifacts, no malformed or duplicated petals, no text, no logo, no watermark, no people, no hands."
seasonal-luxe-bouquet,Seasonal Luxe Bouquet,existing,seasonal-deluxe|luxury-bouquet|best-seller,seasonal,Luxury Bouquet,premium,115,145,Designer's choice seasonal blooms,Complementary seasonal accents,Seasonal foliage|eucalyptus,mixed,Designer's-choice hand-tied,Premium kraft and ivory tissue,"Champagne-gold and black satin ribbon, blank",Hand-tied bouquet — no vessel,Classic|Grand|Opulent,A designer's-choice bouquet of the season's most beautiful blooms.,"Each season, our florists gather the freshest, most breathtaking blooms available and compose them by hand into a bouquet that could only exist right now. It is a gift of trust and delight — the season's finest, arranged with our signature eye for balance and abundance. Wrapped in ivory tissue and finished with satin ribbon, the Seasonal Luxe Bouquet arrives same-day in Kingston, a little different and always beautiful.",Seasonal Luxe Bouquet | Luxury Flower Delivery Kingston | The New Greenhouse,"A designer's-choice bouquet of the season's freshest luxury blooms, hand-tied by our florists. Elegant and abundant, with same-day Kingston delivery.","seasonal bouquet Kingston, designers choice flowers, luxury flowers Jamaica, florist choice bouquet, fresh seasonal flowers, same-day flower delivery",Seasonal Luxe Bouquet — a designer's-choice gathering of the season's blooms hand-tied in ivory tissue by The New Greenhouse,seasonal | her | thoughtful | premium-tier | mixed | same-day-yes | family | classic,luxury-mixed-garden-bouquet|signature-ivory-blush-bouquet|spring-awakening-bouquet,luxury-mixed-garden-bouquet,Same-day delivery across Kingston for orders placed before 1pm; presented in a protective bouquet sleeve.,"Trim stems on arrival, place in fresh cool water, refresh every two days, and keep away from direct sun and heat.","Available year-round; blooms are chosen fresh each season, so every bouquet is one of a kind.",experience:deluxe|channel:retail|delivery:same-day|occasion:seasonal|collection:seasonal|flower:mixed|palette:mixed|style:hand-tied|format:bouquet|tier:premium|recipient:her,"A finished gift-ready premium hand-tied bouquet of designer's-choice seasonal blooms in soft harmonious tones, hand-arranged with refined density in an abundant dome, softened by seasonal foliage and eucalyptus, wrapped in premium kraft and ivory tissue, tied with a plain smooth champagne-gold and black satin ribbon, completely blank — no text. Eye-level straight-on angle. Centred composition with generous negative space and roughly 10% margin. Soft luxury studio lighting, balanced exposure, gentle highlights. Soft warm ivory-to-pale-taupe seamless studio background with a gentle grounding shadow — no black, no hard shadows. Warm, natural, true-to-life, premium editorial grading. Vertical 4:5 crop. Photorealistic high-end florist catalogue quality; botanically accurate; no AI artifacts, no malformed or duplicated petals, no text, no logo, no watermark, no people, no hands."
premium-mothers-day-bouquet,Premium Mother's Day Bouquet,existing,seasonal-deluxe|luxury-bouquet,mothers-day,Luxury Bouquet,premium,125,150,Blush roses|pink peonies,Pastel ranunculus|lisianthus|sweet peas,Silver dollar eucalyptus|jasmine vine,blush,Soft romantic garden hand-tied,Premium kraft and ivory tissue,"Champagne-gold and black satin ribbon, blank",Hand-tied bouquet — no vessel,Classic|Grand|Opulent,Blush roses and pastel blooms gathered with love for Mother's Day.,"Blush roses, soft peonies and pastel ranunculus come together in a bouquet as tender and generous as a mother's love. Every gentle petal is chosen to say thank you in the softest, most beautiful way. Hand-tied in ivory tissue and finished with satin ribbon, the Premium Mother's Day Bouquet arrives same-day in Kingston to make her feel as treasured as she truly is.",Premium Mother's Day Bouquet | Luxury Flower Delivery Kingston | The New Greenhouse,"Blush roses, peonies and pastel blooms hand-tied for Mother's Day. A tender premium bouquet with same-day Kingston delivery.","mothers day bouquet Kingston, blush roses Jamaica, mothers day flowers, peony pastel bouquet, luxury mothers day gift, same-day flower delivery","Premium Mother's Day Bouquet — blush roses, peonies and pastel blooms hand-tied in ivory tissue by The New Greenhouse",mothers-day | her | loving | premium-tier | blush | same-day-yes | family | classic,everlasting-love-peony-bouquet|spring-awakening-bouquet|signature-ivory-blush-bouquet,signature-ivory-blush-bouquet,Same-day delivery across Kingston for orders placed before 1pm; presented in a protective bouquet sleeve. Book early for Mother's Day weekend.,"Trim stems on arrival, place in fresh cool water, refresh daily, and keep in a cool spot away from direct sun to open the peonies gently.",Featured around Mother's Day; peonies are seasonal and may substitute with full blush garden roses when unavailable.,experience:deluxe|channel:retail|delivery:same-day|occasion:mothers-day|collection:seasonal|flower:peony|palette:blush|style:hand-tied|format:bouquet|tier:premium|recipient:her,"A finished gift-ready premium hand-tied bouquet of blush roses and pink peonies with pastel ranunculus, lisianthus and sweet peas, hand-arranged with refined density in a soft romantic garden dome, softened by silver dollar eucalyptus and trailing jasmine vine, wrapped in premium kraft and ivory tissue, tied with a plain smooth champagne-gold and black satin ribbon, completely blank — no text. Eye-level straight-on angle. Centred composition with generous negative space and roughly 10% margin. Soft luxury studio lighting, balanced exposure, gentle highlights. Soft warm ivory-to-pale-taupe seamless studio background with a gentle grounding shadow — no black, no hard shadows. Warm, natural, true-to-life, premium editorial grading. Vertical 4:5 crop. Photorealistic high-end florist catalogue quality; botanically accurate; no AI artifacts, no malformed or duplicated petals, no text, no logo, no watermark, no people, no hands."
golden-celebration-bouquet,Golden Celebration Bouquet,existing,luxury-bouquet|signature-collection|best-seller,everyday,Luxury Bouquet,luxury,150,180,Gold and cream roses,White lisianthus|ivory ranunculus,Gilded eucalyptus|ruscus,gold,Full luxe hand-tied dome,Premium kraft and ivory tissue,"Champagne-gold and black satin ribbon, blank",Hand-tied bouquet — no vessel,Classic|Grand|Opulent,Gold and cream roses with gilded accents for life's celebrations.,"Warm gold and cream roses glow together in a bouquet made for raising a glass — a graduation, a promotion, a milestone worth marking in style. Gilded eucalyptus catches the light and lends every celebration a note of quiet grandeur. Hand-tied in ivory tissue and finished with satin ribbon, the Golden Celebration Bouquet arrives same-day in Kingston to turn any achievement into an occasion.",Golden Celebration Bouquet | Luxury Flower Delivery Kingston | The New Greenhouse,"Gold and cream roses with gilded accents, hand-tied for celebrations and milestones. A luxe bouquet with same-day Kingston delivery.","celebration bouquet Kingston, gold rose bouquet Jamaica, congratulations flowers, luxury celebration flowers, milestone bouquet, same-day flower delivery",Golden Celebration Bouquet — gold and cream roses with gilded eucalyptus hand-tied in ivory tissue by The New Greenhouse,everyday | couple | celebratory | luxury-tier | gold | same-day-yes | family | opulent,signature-ivory-blush-bouquet|luxury-mixed-garden-bouquet|golden-anniversary-arrangement,greenhouse-signature-100-roses,Same-day delivery across Kingston for orders placed before 1pm; presented in a protective bouquet sleeve.,"Trim stems on arrival, place in fresh cool water, refresh every two days, and keep away from direct sun and heat to hold the golden tones.","Best-seller, available year-round; gold rose tone may vary subtly with season.",experience:deluxe|channel:retail|delivery:same-day|occasion:everyday|collection:signature|flower:rose|palette:gold|style:hand-tied|format:bouquet|tier:luxury|recipient:couple,"A finished gift-ready premium hand-tied bouquet of gold and cream roses with white lisianthus and ivory ranunculus, hand-arranged with refined density in a full luxe dome, accented by gilded eucalyptus and ruscus, wrapped in premium kraft and ivory tissue, tied with a plain smooth champagne-gold and black satin ribbon, completely blank — no text. Eye-level straight-on angle. Centred composition with generous negative space and roughly 10% margin. Soft luxury studio lighting, balanced exposure, gentle highlights. Soft warm ivory-to-pale-taupe seamless studio background with a gentle grounding shadow — no black, no hard shadows. Warm, natural, true-to-life, premium editorial grading. Vertical 4:5 crop. Photorealistic high-end florist catalogue quality; botanically accurate; no AI artifacts, no malformed or duplicated petals, no text, no logo, no watermark, no people, no hands."
greenhouse-signature-100-roses,The Greenhouse Signature 100 Roses,new,signature-collection|best-seller,romance|everyday,Floral Arrangement,signature,385,450,One hundred red roses,None — pure roses,Concealed foliage base only,jewel,Densely packed statement dome,Presented in vessel — no wrap,"Champagne-gold and black satin ribbon, blank",Oversized round black keepsake box,Grand (100)|Opulent (150),One hundred red roses domed into our ultimate grand gesture.,"One hundred velvet-red roses arranged shoulder to shoulder into a single, breathtaking dome — the grandest declaration in our entire collection. It is love with nothing held back, an unforgettable statement that fills the room the moment it arrives. Set in an oversized black keepsake box and hand-arranged by our senior florists, The Greenhouse Signature 100 Roses is delivered same-day in Kingston for the moments that deserve everything.",The Greenhouse Signature 100 Roses | Luxury Flower Delivery Kingston | The New Greenhouse,One hundred red roses domed in a keepsake box — our grandest signature gesture. The ultimate luxury statement with same-day Kingston delivery.,"100 red roses Kingston, hundred roses box Jamaica, grand romantic gesture, luxury rose statement, signature roses, same-day flower delivery",The Greenhouse Signature 100 Roses — one hundred red roses domed in an oversized black keepsake box by The New Greenhouse,romance | her | grand-gesture | signature-tier | jewel | same-day-yes | partner | opulent,black-gold-orchid-statement|golden-celebration-bouquet|signature-ivory-blush-bouquet,black-gold-orchid-statement,Same-day delivery across Kingston for orders placed before 1pm; hand-delivered upright by our team to protect the dome. Advance notice appreciated for Opulent size.,Roses are set in floral foam within the box — add a little water to the foam every two days and keep out of direct sun and heat.,New signature centrepiece; the 100-rose volume may require a few hours' lead time in peak periods such as Valentine's Day.,experience:deluxe|channel:retail|delivery:same-day|occasion:romance|occasion:everyday|collection:signature|flower:rose|palette:jewel|style:arrangement|format:box|tier:signature|recipient:her,"A finished gift-ready premium arrangement of one hundred deep red roses, hand-arranged with refined density into a single tight rounded statement dome that completely fills an oversized round black keepsake box, no visible foliage on top, box wrapped at the base with a plain smooth champagne-gold and black satin ribbon, completely blank — no text. Eye-level straight-on angle. Centred composition with generous negative space and roughly 10% margin. Soft luxury studio lighting, balanced exposure, gentle highlights. Soft warm ivory-to-pale-taupe seamless studio background with a gentle grounding shadow — no black background, no hard shadows. Warm, natural, true-to-life, premium editorial grading. Vertical 4:5 crop. Photorealistic high-end florist catalogue quality; botanically accurate; no AI artifacts, no malformed or duplicated petals, no text, no logo, no watermark, no people, no hands."
black-gold-orchid-statement,Black & Gold Orchid Statement,new,signature-collection|best-seller,everyday,Floral Arrangement,signature,250,320,White and cream phalaenopsis orchids,Cymbidium orchid stems,Broad tropical leaves|gilded foliage,gold,Sculptural architectural cascading arrangement,Presented in vessel — no wrap,"Champagne-gold and black satin ribbon, blank",Tall black and gold lacquer vessel,Grand|Opulent,Cascading orchids in a black and gold vessel — pure architectural drama.,"Luminous orchids cascade in sculptural arcs from a striking black and gold lacquer vessel, a piece as much design object as bouquet. It is our most architectural statement — modern, opulent and utterly composed, made to command an entrance hall or executive suite. Hand-arranged by our senior florists, the Black & Gold Orchid Statement is delivered same-day in Kingston to make an unforgettable impression.",Black & Gold Orchid Statement | Luxury Flower Delivery Kingston | The New Greenhouse,Cascading orchids in a striking black and gold vessel — our most architectural signature piece. Modern luxury with same-day Kingston delivery.,"orchid statement Kingston, black gold orchids Jamaica, luxury orchid arrangement, modern floral statement, executive flowers, same-day flower delivery",Black & Gold Orchid Statement — cascading white orchids in a tall black and gold lacquer vessel by The New Greenhouse,everyday | him | sophisticated | signature-tier | gold | same-day-yes | couple | modern,white-orchid-elegance|greenhouse-signature-100-roses|luxury-tropical-arrangement,greenhouse-signature-100-roses,Same-day delivery across Kingston for orders placed before 1pm; hand-delivered upright by our team to protect the cascade.,"Keep a little fresh water in the vessel, mist orchid blooms lightly, and display away from direct sun and cold drafts to extend life.","New signature statement; black and gold lacquer vessel is subject to stock, with a comparable designer vessel substituted if needed.",experience:deluxe|channel:retail|delivery:same-day|occasion:everyday|collection:signature|flower:orchid|palette:gold|style:arrangement|format:vase|tier:signature|recipient:him,"A finished gift-ready premium floral arrangement of white and cream phalaenopsis orchids with cymbidium orchid stems, hand-arranged with refined density in a sculptural cascading architectural shape, accented by broad tropical leaves and gilded foliage, set in a tall black and gold lacquer vessel, tied with a plain smooth champagne-gold and black satin ribbon, completely blank — no text. Eye-level straight-on angle. Centred composition with generous negative space and roughly 10% margin. Soft luxury studio lighting, balanced exposure, gentle highlights. Soft warm ivory-to-pale-taupe seamless studio background with a gentle grounding shadow — no black background, no hard shadows. Warm, natural, true-to-life, premium editorial grading. Vertical 4:5 crop. Photorealistic high-end florist catalogue quality; botanically accurate; no AI artifacts, no malformed or duplicated petals, no text, no logo, no watermark, no people, no hands."
autumn-harvest-arrangement,Autumn Harvest Arrangement,new,seasonal-deluxe|luxury-bouquet,seasonal,Floral Arrangement,premium,115,145,Amber and terracotta roses|burgundy dahlias,Rust chrysanthemums|amber ranunculus,Bronze eucalyptus|oak foliage,jewel,Full rounded low-and-lush arrangement,Presented in vessel — no wrap,"Champagne-gold and black satin ribbon, blank",Bronze-glazed ceramic bowl,Classic|Grand|Opulent,Amber roses and burgundy dahlias in a warm autumnal arrangement.,"Amber roses, deep burgundy dahlias and rust chrysanthemums gather into an arrangement as warm and golden as autumn light. Every tone glows with the richness of the harvest season — the perfect centrepiece for a gathered table or a cosy welcome home. Hand-arranged in a bronze-glazed bowl, the Autumn Harvest Arrangement arrives same-day in Kingston to bring the season's warmth indoors.",Autumn Harvest Arrangement | Luxury Flower Delivery Kingston | The New Greenhouse,"Amber roses, burgundy dahlias and rust blooms in a warm autumnal arrangement. A seasonal luxury centrepiece with same-day Kingston delivery.","autumn flowers Kingston, fall arrangement Jamaica, amber roses, burgundy dahlias, seasonal centrepiece, same-day flower delivery",Autumn Harvest Arrangement — amber roses and burgundy dahlias in a bronze-glazed ceramic bowl by The New Greenhouse,seasonal | family | warm | premium-tier | jewel | same-day-yes | family | classic,seasonal-luxe-bouquet|golden-celebration-bouquet|winter-frost-bouquet,golden-anniversary-arrangement,Same-day delivery across Kingston for orders placed before 1pm; hand-delivered in a protective vase box.,"Keep the bowl topped with fresh water, trim stems every two days, and display away from direct sun and heat to hold the deep tones.","New seasonal piece, featured in autumn; dahlia availability is seasonal and warm-toned garden roses may substitute.",experience:deluxe|channel:retail|delivery:same-day|occasion:seasonal|collection:seasonal|flower:mixed|palette:jewel|style:arrangement|format:vase|tier:premium|recipient:family,"A finished gift-ready premium floral arrangement of amber and terracotta roses with burgundy dahlias, rust chrysanthemums and amber ranunculus, hand-arranged with refined density in a full rounded low dome, accented by bronze eucalyptus and oak foliage, set in a bronze-glazed ceramic bowl, tied with a plain smooth champagne-gold and black satin ribbon, completely blank — no text. Eye-level straight-on angle. Centred composition with generous negative space and roughly 10% margin. Soft luxury studio lighting, balanced exposure, gentle highlights. Soft warm ivory-to-pale-taupe seamless studio background with a gentle grounding shadow — no black, no hard shadows. Warm, natural, true-to-life, premium editorial grading. Vertical 4:5 crop. Photorealistic high-end florist catalogue quality; botanically accurate; no AI artifacts, no malformed or duplicated petals, no text, no logo, no watermark, no people, no hands."
winter-frost-bouquet,Winter Frost Bouquet,new,seasonal-deluxe|luxury-bouquet,seasonal,Luxury Bouquet,premium,115,145,White roses|white ranunculus,White anemones|silver brunia,Blue spruce|frosted eucalyptus|dusty miller,white,Elegant hand-tied dome,Premium kraft and ivory tissue,"Champagne-gold and black satin ribbon, blank",Hand-tied bouquet — no vessel,Classic|Grand|Opulent,"White blooms, silver accents and evergreen for a crisp winter elegance.","Crisp white roses and anemones meet silvery brunia and frosted evergreen in a bouquet that captures the serene beauty of a winter morning. Its cool, luminous palette feels both festive and refined — a quiet celebration of the season's stillness. Hand-tied in ivory tissue and finished with satin ribbon, the Winter Frost Bouquet arrives same-day in Kingston to bring elegant seasonal calm to any home.",Winter Frost Bouquet | Luxury Flower Delivery Kingston | The New Greenhouse,"White roses, silver accents and frosted evergreen hand-tied for winter elegance. A serene seasonal bouquet with same-day Kingston delivery.","winter bouquet Kingston, white winter flowers Jamaica, silver evergreen bouquet, festive white flowers, seasonal luxury bouquet, same-day flower delivery",Winter Frost Bouquet — white roses and anemones with silver brunia and evergreen hand-tied in ivory tissue by The New Greenhouse,seasonal | her | serene | premium-tier | white | same-day-yes | family | modern,seasonal-luxe-bouquet|autumn-harvest-arrangement|royal-hydrangea-arrangement,white-orchid-elegance,Same-day delivery across Kingston for orders placed before 1pm; presented in a protective bouquet sleeve.,"Trim stems on arrival, place in fresh cool water, refresh every two days, and keep away from direct sun and heat to protect the white blooms.","New seasonal piece, featured in winter; anemone and brunia availability is seasonal with white ranunculus and silvery foliage substituted as needed.",experience:deluxe|channel:retail|delivery:same-day|occasion:seasonal|collection:seasonal|flower:rose|palette:white|style:hand-tied|format:bouquet|tier:premium|recipient:her,"A finished gift-ready premium hand-tied bouquet of white roses and white ranunculus with white anemones and silver brunia, hand-arranged with refined density in an elegant dome, framed by blue spruce, frosted eucalyptus and dusty miller, wrapped in premium kraft and ivory tissue, tied with a plain smooth champagne-gold and black satin ribbon, completely blank — no text. Eye-level straight-on angle. Centred composition with generous negative space and roughly 10% margin. Soft luxury studio lighting, balanced exposure, gentle highlights. Soft warm ivory-to-pale-taupe seamless studio background with a gentle grounding shadow — no black, no hard shadows. Warm, natural, true-to-life, premium editorial grading. Vertical 4:5 crop. Photorealistic high-end florist catalogue quality; botanically accurate; no AI artifacts, no malformed or duplicated petals, no text, no logo, no watermark, no people, no hands."
spring-awakening-bouquet,Spring Awakening Bouquet,new,seasonal-deluxe|luxury-bouquet,seasonal,Luxury Bouquet,premium,110,140,Pastel tulips|ranunculus,Sweet peas|spray roses|hyacinth,Fresh spring foliage|eucalyptus,blush,Loose airy garden hand-tied,Premium kraft and ivory tissue,"Champagne-gold and black satin ribbon, blank",Hand-tied bouquet — no vessel,Classic|Grand|Opulent,"Pastel tulips and ranunculus in a fresh, airy celebration of spring.","Pastel tulips, ruffled ranunculus and fragrant sweet peas gather into a bouquet that feels like the first warm morning of spring. Light, airy and full of gentle colour, it carries all the optimism of a garden waking up. Hand-tied in ivory tissue and finished with satin ribbon, the Spring Awakening Bouquet arrives same-day in Kingston to bring fresh, joyful softness to any day.",Spring Awakening Bouquet | Luxury Flower Delivery Kingston | The New Greenhouse,"Pastel tulips, ranunculus and sweet peas hand-tied for a fresh spring feel. An airy seasonal bouquet with same-day Kingston delivery.","spring bouquet Kingston, pastel tulips Jamaica, ranunculus bouquet, fresh spring flowers, seasonal luxury bouquet, same-day flower delivery",Spring Awakening Bouquet — pastel tulips and ranunculus with sweet peas hand-tied in ivory tissue by The New Greenhouse,seasonal | her | joyful | premium-tier | blush | same-day-yes | family | classic,seasonal-luxe-bouquet|premium-mothers-day-bouquet|signature-ivory-blush-bouquet,signature-ivory-blush-bouquet,Same-day delivery across Kingston for orders placed before 1pm; presented in a protective bouquet sleeve.,"Trim stems on arrival, place in fresh cool water, refresh every two days; tulips continue to grow toward the light, so turn the bouquet occasionally.","New seasonal piece, featured in spring; tulip and hyacinth availability is seasonal, with pastel ranunculus and spray roses substituted as needed.",experience:deluxe|channel:retail|delivery:same-day|occasion:seasonal|collection:seasonal|flower:mixed|palette:blush|style:hand-tied|format:bouquet|tier:premium|recipient:her,"A finished gift-ready premium hand-tied bouquet of pastel tulips and ranunculus with sweet peas, spray roses and hyacinth, hand-arranged with refined density in a loose airy garden dome, softened by fresh spring foliage and eucalyptus, wrapped in premium kraft and ivory tissue, tied with a plain smooth champagne-gold and black satin ribbon, completely blank — no text. Eye-level straight-on angle. Centred composition with generous negative space and roughly 10% margin. Soft luxury studio lighting, balanced exposure, gentle highlights. Soft warm ivory-to-pale-taupe seamless studio background with a gentle grounding shadow — no black, no hard shadows. Warm, natural, true-to-life, premium editorial grading. Vertical 4:5 crop. Photorealistic high-end florist catalogue quality; botanically accurate; no AI artifacts, no malformed or duplicated petals, no text, no logo, no watermark, no people, no hands."
chocolates-add-on,Belgian Chocolates,new,add-ons,everyday,Gift Add-on,standard,28,28,n/a,n/a,n/a,gold,n/a,Elegant ribboned gift box,"Champagne-gold and black satin ribbon, blank",Signature chocolate gift box,One size,A luxe box of Belgian chocolates to accompany your flowers.,"A beautifully boxed selection of rich Belgian chocolates, chosen to make any bouquet feel even more indulgent. It is the perfect finishing touch — a small, delicious moment of luxury to share. Add it at checkout and we will deliver it alongside your flowers, same-day in Kingston.",Belgian Chocolates | Luxury Flower Delivery Kingston | The New Greenhouse,"Add a luxe box of Belgian chocolates to your flowers at checkout. The perfect indulgent finishing touch, delivered with your bouquet in Kingston.","Belgian chocolates gift, chocolate add-on Kingston, flower gift upgrade Jamaica, luxury chocolates, add chocolates to flowers, same-day delivery",Belgian Chocolates — an elegant ribboned box of Belgian chocolates by The New Greenhouse,everyday | her | indulgent | standard-tier | gold | same-day-yes | partner | classic,teddy-bear-add-on|greeting-card-add-on|balloon-add-on,greeting-card-add-on,Delivered together with your flower order; same-day across Kingston for orders placed before 1pm.,n/a,"Gift add-on — available to add at checkout only, not sold separately; single size.",experience:deluxe|channel:retail|delivery:same-day|occasion:everyday|collection:add-ons|palette:gold|format:box|tier:standard|recipient:her|addon,"A finished gift-ready elegant ribboned box of premium Belgian chocolates, lid slightly ajar to reveal neat rows of glossy assorted chocolates, tied with a plain smooth champagne-gold and black satin ribbon, completely blank — no text. Eye-level straight-on angle. Centred composition with generous negative space and roughly 10% margin. Soft luxury studio lighting, balanced exposure, gentle highlights. Soft warm ivory-to-pale-taupe seamless studio background with a gentle grounding shadow — no black, no hard shadows. Warm, natural, true-to-life, premium editorial grading. Vertical 4:5 crop. Photorealistic high-end catalogue quality; no AI artifacts, no text, no logo, no watermark, no people, no hands. This is a product of chocolates, not flowers."
teddy-bear-add-on,Premium Teddy Bear,new,add-ons,everyday,Gift Add-on,standard,35,35,n/a,n/a,n/a,ivory,n/a,Presented as-is with ribbon,"Champagne-gold and black satin ribbon, blank",n/a,One size,"A soft, premium cream teddy bear to gift alongside your flowers.","A wonderfully soft cream teddy bear, finished with a champagne-gold satin ribbon, ready to become a keepsake long after the flowers have faded. It is the tender touch that makes a gift feel extra thoughtful — for a new baby, a birthday, or simply because. Add it at checkout and we will deliver it with your bouquet, same-day in Kingston.",Premium Teddy Bear | Luxury Flower Delivery Kingston | The New Greenhouse,"Add a soft premium cream teddy bear to your flowers at checkout. A tender keepsake gift delivered with your bouquet, same-day in Kingston.","teddy bear gift Kingston, plush teddy add-on Jamaica, flower gift upgrade, soft toy with flowers, add teddy to bouquet, same-day delivery",Premium Teddy Bear — a soft cream teddy bear with a champagne-gold ribbon by The New Greenhouse,everyday | family | tender | standard-tier | ivory | same-day-yes | family | classic,chocolates-add-on|balloon-add-on|greeting-card-add-on,chocolates-add-on,Delivered together with your flower order; same-day across Kingston for orders placed before 1pm.,n/a,"Gift add-on — available to add at checkout only, not sold separately; single size.",experience:deluxe|channel:retail|delivery:same-day|occasion:everyday|collection:add-ons|palette:ivory|tier:standard|recipient:family|addon,"A finished gift-ready premium soft cream teddy bear, plush and cuddly, sitting upright, finished with a plain smooth champagne-gold and black satin ribbon around its neck, completely blank — no text. Eye-level straight-on angle. Centred composition with generous negative space and roughly 10% margin. Soft luxury studio lighting, balanced exposure, gentle highlights. Soft warm ivory-to-pale-taupe seamless studio background with a gentle grounding shadow — no black, no hard shadows. Warm, natural, true-to-life, premium editorial grading. Vertical 4:5 crop. Photorealistic high-end catalogue quality; no AI artifacts, no text, no logo, no watermark, no people, no hands. This is a product of a plush teddy bear, not flowers."
greeting-card-add-on,Luxury Greeting Card,new,add-ons,everyday,Gift Add-on,standard,8,8,n/a,n/a,n/a,ivory,n/a,Card with matching envelope,No ribbon — blank luxe card,n/a,One size,A blank luxe greeting card for your personal handwritten message.,"A beautifully textured ivory greeting card with a matching envelope, ready for the words only you can write. We will hand-write your message inside and tuck it into your delivery, so your sentiment arrives as elegantly as your flowers. Add it at checkout for that irreplaceable personal touch, delivered same-day in Kingston.",Luxury Greeting Card | Luxury Flower Delivery Kingston | The New Greenhouse,"Add a luxe blank greeting card to your flowers and we will hand-write your message. The perfect personal touch, delivered with your bouquet in Kingston.","greeting card add-on Kingston, gift message card Jamaica, flower card upgrade, personal message flowers, add card to bouquet, same-day delivery",Luxury Greeting Card — a blank ivory greeting card with matching envelope by The New Greenhouse,everyday | her | thoughtful | standard-tier | ivory | same-day-yes | partner | classic,chocolates-add-on|teddy-bear-add-on|balloon-add-on,chocolates-add-on,Delivered together with your flower order; same-day across Kingston for orders placed before 1pm.,n/a,"Gift add-on — available to add at checkout only, not sold separately; single size. Your message is hand-written for you.",experience:deluxe|channel:retail|delivery:same-day|occasion:everyday|collection:add-ons|palette:ivory|tier:standard|recipient:her|addon,"A finished gift-ready luxe blank greeting card with a matching envelope, the card standing slightly open beside the envelope on a subtle diagonal, textured ivory cardstock, completely blank — no text, no printing. Eye-level straight-on angle. Centred composition with generous negative space and roughly 10% margin. Soft luxury studio lighting, balanced exposure, gentle highlights. Soft warm ivory-to-pale-taupe seamless studio background with a gentle grounding shadow — no black, no hard shadows. Warm, natural, true-to-life, premium editorial grading. Vertical 4:5 crop. Photorealistic high-end catalogue quality; no AI artifacts, no text, no logo, no watermark, no people, no hands. This is a product of a blank greeting card and envelope, not flowers."
balloon-add-on,Balloon Bouquet Add-on,new,add-ons,everyday,Gift Add-on,standard,30,30,n/a,n/a,n/a,ivory,n/a,Gathered balloon cluster with ribbon,"Champagne-gold and black satin ribbon, blank",n/a,One size,A tasteful cluster of neutral ivory balloons to lift the celebration.,"A tasteful cluster of neutral ivory and cream balloons, gathered with satin ribbon to add a lift of celebration without overwhelming the elegance of your flowers. It is the effortless way to say congratulations, happy birthday, or simply hooray. Add it at checkout and we will deliver it alongside your bouquet, same-day in Kingston.",Balloon Bouquet Add-on | Luxury Flower Delivery Kingston | The New Greenhouse,Add a tasteful cluster of neutral ivory balloons to your flowers at checkout. An elegant celebratory lift delivered with your bouquet in Kingston.,"balloon add-on Kingston, ivory balloons Jamaica, flower gift upgrade, celebration balloons, add balloons to flowers, same-day delivery",Balloon Bouquet Add-on — a tasteful cluster of neutral ivory balloons with satin ribbon by The New Greenhouse,everyday | family | celebratory | standard-tier | ivory | same-day-yes | family | classic,chocolates-add-on|teddy-bear-add-on|greeting-card-add-on,chocolates-add-on,Delivered together with your flower order; same-day across Kingston for orders placed before 1pm.,n/a,"Gift add-on — available to add at checkout only, not sold separately; single size.",experience:deluxe|channel:retail|delivery:same-day|occasion:everyday|collection:add-ons|palette:ivory|tier:standard|recipient:family|addon,"A finished gift-ready tasteful cluster of neutral ivory and cream balloons, a small elegant bouquet of round balloons gathered and tied together with a plain smooth champagne-gold and black satin ribbon, completely blank — no text, no print. Eye-level straight-on angle. Centred composition with generous negative space and roughly 10% margin. Soft luxury studio lighting, balanced exposure, gentle highlights. Soft warm ivory-to-pale-taupe seamless studio background with a gentle grounding shadow — no black, no hard shadows. Warm, natural, true-to-life, premium editorial grading. Vertical 4:5 crop. Photorealistic high-end catalogue quality; no AI artifacts, no text, no logo, no watermark, no people, no hands. This is a product of ivory balloons, not flowers."
vase-upgrade-add-on,Premium Vase Upgrade,new,add-ons,everyday,Gift Add-on,standard,25,25,n/a,n/a,n/a,white,n/a,Presented as-is,No ribbon — clear glass vessel,Clear premium glass vase,One size,A clear premium glass vase so a hand-tied bouquet is ready to display.,"A clear premium glass vase, so your hand-tied bouquet arrives ready to display the moment it is unwrapped — no scrambling for a vessel. Its clean, timeless form suits every arrangement and every room. Add it at checkout and we will deliver it with your flowers, same-day in Kingston.",Premium Vase Upgrade | Luxury Flower Delivery Kingston | The New Greenhouse,"Add a clear premium glass vase to your bouquet at checkout so it arrives ready to display. Delivered with your flowers, same-day in Kingston.","vase upgrade Kingston, glass vase add-on Jamaica, flower vase upgrade, add vase to bouquet, premium glass vase, same-day delivery",Premium Vase Upgrade — a clear premium glass vase by The New Greenhouse,everyday | her | practical | standard-tier | white | same-day-yes | family | modern,chocolates-add-on|greeting-card-add-on|teddy-bear-add-on,chocolates-add-on,Delivered together with your flower order; same-day across Kingston for orders placed before 1pm.,n/a,"Gift add-on — available to add at checkout only, not sold separately; single size. Recommended for hand-tied bouquets that arrive without a vessel.",experience:deluxe|channel:retail|delivery:same-day|occasion:everyday|collection:add-ons|palette:white|format:vase|tier:standard|recipient:her|addon,"A finished gift-ready clear premium glass vase, empty, a clean timeless cylinder-to-flared form with bright clear glass and gentle highlights, completely blank — no text, no print. Eye-level straight-on angle. Centred composition with generous negative space and roughly 10% margin. Soft luxury studio lighting, balanced exposure, gentle highlights. Soft warm ivory-to-pale-taupe seamless studio background with a gentle grounding shadow — no black, no hard shadows. Warm, natural, true-to-life, premium editorial grading. Vertical 4:5 crop. Photorealistic high-end catalogue quality; no AI artifacts, no text, no logo, no watermark, no people, no hands. This is a product of an empty clear glass vase, not flowers."
