Handle,Product Code,Category,Title,Product Type,Shopify Category (planned),Channel,Format,Flower Type,Color Family,Occasion,Customer Type,Season,Care Level,Vase Life,Stem Length,Bloom Size,Unit Type,Minimum Order Qty,Variant Option 1,Variant Option 2,Variant Count,Provisional Prices (USD),PRICE_STATUS,IMAGE_STATUS,Planned Image,Image Alt,Collections,Tags,Delivery Note,Wholesale Note,Availability Note,Care Instructions,Country of Origin,CONFIRMATION_REQUIRED,APPROVAL_STATUS,Status
long-stem-red-roses,TNG-WHL-001,wholesale,Long-Stem Red Roses,Fresh Cut Flowers,,both,bulk-box,rose,red,romance|anniversary|wedding|corporate|everyday,florist|event-planner|hotel|corporate,year-round,easy,7-12 days,50-70cm,"Large head, 5-6cm closed",stem,1 box (100 stems),Pack Size,Stem Length,5,25 Stems/Standard=45.00; 50 Stems/Standard=85.00; 100 Stems/Standard=160.00; 50 Stems/Premium=102.00; 100 Stems/Premium=192.00,REPLACE_BEFORE_PUBLISHING,REQUIRED,products/long-stem-red-roses-1200x1500.jpg,"Long-Stem Red Roses — The New Greenhouse, Kingston Jamaica",All Flowers|Roses|Red|Anniversary|Love and Romance|Corporate Gifting|Bulk Flowers|Wholesale Roses|Florist Essentials,"channel:retail, channel:wholesale, flower:rose, color:red, occasion:romance, occasion:anniversary, occasion:wedding, occasion:corporate, occasion:everyday, customer:florist, customer:event-planner, customer:hotel, customer:corporate, format:bulk-box, season:year-round, type:fresh-cut-flowers, price-status:placeholder, image-status:required, content-status:reviewed",Same-day delivery may be available across Kingston & St. Andrew for orders placed before 2PM.,Sold by the box for trade; pack size and grade confirmed at order. Tiered pricing on 25/50/100 stems.,Subject to seasonal availability and grower supply.,"Recut stems on an angle, remove lower leaves and thorns as needed, and hydrate in clean water with flower food.",[CLIENT CONFIRMATION REQUIRED],exact pack size|country of origin,DRAFT_PENDING_REVIEW,draft
long-stem-ivory-roses,TNG-WHL-002,wholesale,Long-Stem Ivory Roses,Fresh Cut Flowers,,both,bulk-box,rose,white-ivory,wedding|sympathy|anniversary|corporate|everyday,florist|event-planner|hotel|corporate,year-round,easy,7-12 days,50-70cm,"Large head, 5-6cm closed",stem,1 box (100 stems),Pack Size,Stem Length,5,25 Stems/Standard=45.00; 50 Stems/Standard=85.00; 100 Stems/Standard=160.00; 50 Stems/Premium=102.00; 100 Stems/Premium=192.00,REPLACE_BEFORE_PUBLISHING,REQUIRED,products/long-stem-ivory-roses-1200x1500.jpg,"Long-Stem Ivory Roses — The New Greenhouse, Kingston Jamaica",All Flowers|Roses|White and Ivory|Anniversary|Sympathy and Funeral|Corporate Gifting|Bulk Flowers|Wholesale Roses|Florist Essentials,"channel:retail, channel:wholesale, flower:rose, color:white-ivory, occasion:wedding, occasion:sympathy, occasion:anniversary, occasion:corporate, occasion:everyday, customer:florist, customer:event-planner, customer:hotel, customer:corporate, format:bulk-box, season:year-round, type:fresh-cut-flowers, price-status:placeholder, image-status:required, content-status:reviewed",Same-day delivery may be available across Kingston & St. Andrew for orders placed before 2PM.,Trade boxes with tiered pricing on 25/50/100 stems; grade and count confirmed at order.,Subject to seasonal availability and grower supply.,"Recut stems, remove lower leaves, and hydrate in cool clean water with flower food; peel back any bruised guard petals.",[CLIENT CONFIRMATION REQUIRED],exact pack size|country of origin,DRAFT_PENDING_REVIEW,draft
long-stem-pink-roses,TNG-WHL-003,wholesale,Long-Stem Pink Roses,Fresh Cut Flowers,,both,bulk-box,rose,pink,romance|birthday|new-baby|wedding|everyday,florist|event-planner|hotel|corporate,year-round,easy,7-12 days,50-70cm,"Large head, 5-6cm closed",stem,1 box (100 stems),Pack Size,Stem Length,5,25 Stems/Standard=45.00; 50 Stems/Standard=85.00; 100 Stems/Standard=160.00; 50 Stems/Premium=102.00; 100 Stems/Premium=192.00,REPLACE_BEFORE_PUBLISHING,REQUIRED,products/long-stem-pink-roses-1200x1500.jpg,"Long-Stem Pink Roses — The New Greenhouse, Kingston Jamaica",All Flowers|Roses|Pink|Birthday|Love and Romance|New Baby|Bulk Flowers|Wholesale Roses|Florist Essentials,"channel:retail, channel:wholesale, flower:rose, color:pink, occasion:romance, occasion:birthday, occasion:new-baby, occasion:wedding, occasion:everyday, customer:florist, customer:event-planner, customer:hotel, customer:corporate, format:bulk-box, season:year-round, type:fresh-cut-flowers, price-status:placeholder, image-status:required, content-status:reviewed",Same-day delivery may be available across Kingston & St. Andrew for orders placed before 2PM.,Sold by the box with tiered pricing on 25/50/100 stems; exact count confirmed at order.,Subject to seasonal availability and grower supply.,"Recut stems on an angle, strip lower leaves, and hydrate in clean water with flower food.",[CLIENT CONFIRMATION REQUIRED],exact pack size|country of origin,DRAFT_PENDING_REVIEW,draft
long-stem-yellow-roses,TNG-WHL-004,wholesale,Long-Stem Yellow Roses,Fresh Cut Flowers,,both,bulk-box,rose,yellow-orange,congratulations|graduation|corporate|birthday|everyday,florist|event-planner|hotel|corporate,year-round,easy,7-11 days,50-70cm,"Large head, 5-6cm closed",stem,1 box (100 stems),Pack Size,Stem Length,5,25 Stems/Standard=45.00; 50 Stems/Standard=85.00; 100 Stems/Standard=160.00; 50 Stems/Premium=102.00; 100 Stems/Premium=192.00,REPLACE_BEFORE_PUBLISHING,REQUIRED,products/long-stem-yellow-roses-1200x1500.jpg,"Long-Stem Yellow Roses — The New Greenhouse, Kingston Jamaica",All Flowers|Roses|Yellow and Orange|Birthday|Congratulations|Corporate Gifting|Bulk Flowers|Wholesale Roses|Florist Essentials,"channel:retail, channel:wholesale, flower:rose, color:yellow-orange, occasion:congratulations, occasion:graduation, occasion:corporate, occasion:birthday, occasion:everyday, customer:florist, customer:event-planner, customer:hotel, customer:corporate, format:bulk-box, season:year-round, type:fresh-cut-flowers, price-status:placeholder, image-status:required, content-status:reviewed",Same-day delivery may be available across Kingston & St. Andrew for orders placed before 2PM.,Trade boxes with tiered pricing on 25/50/100 stems; count and grade confirmed at order.,Subject to seasonal availability and grower supply.,"Recut stems, strip lower leaves, and hydrate in clean water with flower food; keep away from direct heat and sun.",[CLIENT CONFIRMATION REQUIRED],exact pack size|country of origin,DRAFT_PENDING_REVIEW,draft
assorted-spray-roses,TNG-WHL-005,wholesale,Assorted Spray Roses,Fresh Cut Flowers,,wholesale,bulk-box,spray-rose,mixed,wedding|romance|birthday|everyday|congratulations,florist|event-planner|hotel,year-round,easy,6-9 days,40-55cm,"Small heads, 2.5-3.5cm, 4-7 per stem",stem,1 box (60 stems),Pack Size,,3,25 Stems=40.00; 50 Stems=75.00; 100 Stems=140.00,REPLACE_BEFORE_PUBLISHING,REQUIRED,products/assorted-spray-roses-1200x1500.jpg,"Assorted Spray Roses — The New Greenhouse, Kingston Jamaica",All Flowers|Roses|Mixed Color|Birthday|Love and Romance|Congratulations|Bulk Flowers|Wholesale Roses|Florist Essentials,"channel:wholesale, flower:spray-rose, color:mixed, occasion:wedding, occasion:romance, occasion:birthday, occasion:everyday, occasion:congratulations, customer:florist, customer:event-planner, customer:hotel, format:bulk-box, season:year-round, type:fresh-cut-flowers, price-status:placeholder, image-status:required, content-status:reviewed",Same-day delivery may be available across Kingston & St. Andrew for orders placed before 2PM.,Assorted grower's-choice mix; specify preferred tones at order where possible. Tiered pricing on 25/50/100 stems.,Colour mix subject to seasonal availability and grower supply.,"Recut stems, strip lower foliage, and hydrate with flower food; remove finished blooms to encourage buds to open.",[CLIENT CONFIRMATION REQUIRED],exact pack size|country of origin,DRAFT_PENDING_REVIEW,draft
ivory-garden-roses,TNG-WHL-006,wholesale,Ivory Garden Roses,Fresh Cut Flowers,,both,bulk-box,garden-rose,white-ivory,wedding|anniversary|romance|sympathy,florist|event-planner|hotel,year-round,moderate,4-7 days,40-55cm,"Extra-full head, 6-9cm open",stem,1 box (36 stems),Pack Size,Stem Length,4,25 Stems/Standard=45.00; 50 Stems/Standard=85.00; 50 Stems/Premium=102.00; 100 Stems/Premium=192.00,REPLACE_BEFORE_PUBLISHING,REQUIRED,products/ivory-garden-roses-1200x1500.jpg,"Ivory Garden Roses — The New Greenhouse, Kingston Jamaica",All Flowers|Roses|White and Ivory|Anniversary|Love and Romance|Sympathy and Funeral|Bulk Flowers|Florist Essentials,"channel:retail, channel:wholesale, flower:garden-rose, color:white-ivory, occasion:wedding, occasion:anniversary, occasion:romance, occasion:sympathy, customer:florist, customer:event-planner, customer:hotel, format:bulk-box, season:year-round, type:fresh-cut-flowers, price-status:placeholder, image-status:required, content-status:reviewed",Same-day delivery may be available across Kingston & St. Andrew for orders placed before 2PM.,Premium bridal flower; pre-order recommended for events. Tiered pricing on 25/50/100 stems.,Subject to seasonal availability and grower supply.,Recut stems and hydrate for several hours in cool clean water with flower food before designing; keep cool and handle open heads gently.,[CLIENT CONFIRMATION REQUIRED],exact pack size|country of origin,DRAFT_PENDING_REVIEW,draft
dendrobium-orchid-stems,TNG-WHL-007,wholesale,Dendrobium Orchid Stems,Fresh Cut Flowers,,wholesale,bulk-box,orchid,purple,wedding|corporate|everyday|congratulations,florist|event-planner|hotel|corporate,year-round,moderate,10-16 days,40-60cm,"Florets 3-4cm, 8-14 per spray",stem,1 box (40 stems),Pack Size,,3,25 Stems=70.00; 50 Stems=130.00; 100 Stems=240.00,REPLACE_BEFORE_PUBLISHING,REQUIRED,products/dendrobium-orchid-stems-1200x1500.jpg,"Dendrobium Orchid Stems — The New Greenhouse, Kingston Jamaica",All Flowers|Orchids|Purple|Congratulations|Corporate Gifting|Bulk Flowers|Florist Essentials,"channel:wholesale, flower:orchid, color:purple, occasion:wedding, occasion:corporate, occasion:everyday, occasion:congratulations, customer:florist, customer:event-planner, customer:hotel, customer:corporate, format:bulk-box, season:year-round, type:fresh-cut-flowers, price-status:placeholder, image-status:required, content-status:reviewed",Same-day delivery may be available across Kingston & St. Andrew for orders placed before 2PM.,"Colour options may include white, purple and bi-tones; specify at order. Tiered pricing on 25/50/100 stems.",Subject to seasonal availability and grower supply.,Recut stems and hydrate in clean water with flower food; keep warm as orchids are cold-sensitive and bruise below 10C.,[CLIENT CONFIRMATION REQUIRED],exact pack size|country of origin,DRAFT_PENDING_REVIEW,draft
cymbidium-orchid-stems,TNG-WHL-008,wholesale,Cymbidium Orchid Stems,Fresh Cut Flowers,,wholesale,bulk-box,orchid,green,wedding|corporate|anniversary|congratulations,florist|event-planner|hotel|corporate,seasonal,moderate,14-21 days,50-70cm,"Large blooms 7-10cm, 6-12 per spray",stem,1 box (20 stems),Pack Size,,3,25 Stems=70.00; 50 Stems=130.00; 100 Stems=240.00,REPLACE_BEFORE_PUBLISHING,REQUIRED,products/cymbidium-orchid-stems-1200x1500.jpg,"Cymbidium Orchid Stems — The New Greenhouse, Kingston Jamaica",All Flowers|Orchids|Green|Anniversary|Congratulations|Corporate Gifting|Bulk Flowers|Florist Essentials,"channel:wholesale, flower:orchid, color:green, occasion:wedding, occasion:corporate, occasion:anniversary, occasion:congratulations, customer:florist, customer:event-planner, customer:hotel, customer:corporate, format:bulk-box, season:seasonal, type:fresh-cut-flowers, price-status:placeholder, image-status:required, content-status:reviewed",Same-day delivery may be available across Kingston & St. Andrew for orders placed before 2PM.,Premium seasonal flower; pre-order recommended for events. Available by full spray or individual blooms. Tiered pricing on 25/50/100 stems.,Peak availability is cooler months; subject to seasonal grower supply.,Recut stems and hydrate in clean water; keep cool but above 8C and mist individual blooms used in corsage or boutonniere work.,[CLIENT CONFIRMATION REQUIRED],exact pack size|country of origin,DRAFT_PENDING_REVIEW,draft
phalaenopsis-orchid-stems,TNG-WHL-009,wholesale,Phalaenopsis Orchid Stems,Fresh Cut Flowers,,wholesale,bulk-box,orchid,white-ivory,wedding|corporate|anniversary|congratulations,florist|event-planner|hotel,year-round,advanced,10-18 days,40-60cm,"Broad blooms 6-9cm, 5-9 per spray",stem,1 box (16 stems),Pack Size,,3,25 Stems=70.00; 50 Stems=130.00; 100 Stems=240.00,REPLACE_BEFORE_PUBLISHING,REQUIRED,products/phalaenopsis-orchid-stems-1200x1500.jpg,"Phalaenopsis Orchid Stems — The New Greenhouse, Kingston Jamaica",All Flowers|Orchids|White and Ivory|Anniversary|Congratulations|Corporate Gifting|Bulk Flowers|Florist Essentials,"channel:wholesale, flower:orchid, color:white-ivory, occasion:wedding, occasion:corporate, occasion:anniversary, occasion:congratulations, customer:florist, customer:event-planner, customer:hotel, format:bulk-box, season:year-round, type:fresh-cut-flowers, price-status:placeholder, image-status:required, content-status:reviewed",Same-day delivery may be available across Kingston & St. Andrew for orders placed before 2PM.,Delicate premium flower; pre-order recommended and handle with care. Tiered pricing on 25/50/100 stems.,Subject to seasonal availability and grower supply.,"Recut stems and hydrate in clean water; keep warm, away from draughts, and mist blooms lightly. Best designed close to the event.",[CLIENT CONFIRMATION REQUIRED],exact pack size|country of origin,DRAFT_PENDING_REVIEW,draft
oriental-lilies-white,TNG-WHL-010,wholesale,Oriental Lilies (White),Fresh Cut Flowers,,both,bulk-box,lily,white-ivory,sympathy|wedding|anniversary|corporate|everyday,florist|event-planner|hotel|corporate,year-round,easy,8-12 days,70-90cm,"Open blooms 15-20cm, 3-6 buds per stem",stem,1 box (40 stems),Pack Size,,3,25 Stems=55.00; 50 Stems=100.00; 100 Stems=185.00,REPLACE_BEFORE_PUBLISHING,REQUIRED,products/oriental-lilies-white-1200x1500.jpg,"Oriental Lilies (White) — The New Greenhouse, Kingston Jamaica",All Flowers|Lilies|White and Ivory|Anniversary|Sympathy and Funeral|Corporate Gifting|Bulk Flowers|Florist Essentials,"channel:retail, channel:wholesale, flower:lily, color:white-ivory, occasion:sympathy, occasion:wedding, occasion:anniversary, occasion:corporate, occasion:everyday, customer:florist, customer:event-planner, customer:hotel, customer:corporate, format:bulk-box, season:year-round, type:fresh-cut-flowers, price-status:placeholder, image-status:required, content-status:reviewed",Same-day delivery may be available across Kingston & St. Andrew for orders placed before 2PM.,Shipped in bud for longer working life; order 3-5 days ahead for events. Tiered pricing on 25/50/100 stems.,Subject to seasonal availability and grower supply.,Recut stems and hydrate with flower food; snip out anthers once buds open to prevent pollen staining petals and linens.,[CLIENT CONFIRMATION REQUIRED],exact pack size|country of origin,DRAFT_PENDING_REVIEW,draft
asiatic-lilies-mixed,TNG-WHL-011,wholesale,Asiatic Lilies (Mixed),Fresh Cut Flowers,,wholesale,bulk-box,lily,mixed,birthday|congratulations|corporate|get-well|everyday,florist|event-planner|hotel|corporate,year-round,easy,8-12 days,60-80cm,"Open blooms 10-15cm, 3-5 buds per stem",stem,1 box (40 stems),Pack Size,,3,25 Stems=55.00; 50 Stems=100.00; 100 Stems=185.00,REPLACE_BEFORE_PUBLISHING,REQUIRED,products/asiatic-lilies-mixed-1200x1500.jpg,"Asiatic Lilies (Mixed) — The New Greenhouse, Kingston Jamaica",All Flowers|Lilies|Mixed Color|Birthday|Congratulations|Get Well|Corporate Gifting|Bulk Flowers|Florist Essentials,"channel:wholesale, flower:lily, color:mixed, occasion:birthday, occasion:congratulations, occasion:corporate, occasion:get-well, occasion:everyday, customer:florist, customer:event-planner, customer:hotel, customer:corporate, format:bulk-box, season:year-round, type:fresh-cut-flowers, price-status:placeholder, image-status:required, content-status:reviewed",Same-day delivery may be available across Kingston & St. Andrew for orders placed before 2PM.,Assorted grower's-choice colour mix; shipped in bud. Tiered pricing on 25/50/100 stems.,Colour mix subject to seasonal availability and grower supply.,Recut stems and hydrate with flower food; remove anthers as buds open to prevent pollen staining.,[CLIENT CONFIRMATION REQUIRED],exact pack size|country of origin,DRAFT_PENDING_REVIEW,draft
calla-lilies-ivory,TNG-WHL-012,wholesale,Calla Lilies (Ivory),Fresh Cut Flowers,,both,bulk-box,calla-lily,white-ivory,wedding|sympathy|anniversary|corporate,florist|event-planner|hotel,year-round,moderate,7-12 days,45-65cm,Spathe 8-12cm long,stem,1 box (30 stems),Pack Size,,3,25 Stems=55.00; 50 Stems=100.00; 100 Stems=185.00,REPLACE_BEFORE_PUBLISHING,REQUIRED,products/calla-lilies-ivory-1200x1500.jpg,"Calla Lilies (Ivory) — The New Greenhouse, Kingston Jamaica",All Flowers|Lilies|White and Ivory|Anniversary|Sympathy and Funeral|Corporate Gifting|Bulk Flowers|Florist Essentials,"channel:retail, channel:wholesale, flower:calla-lily, color:white-ivory, occasion:wedding, occasion:sympathy, occasion:anniversary, occasion:corporate, customer:florist, customer:event-planner, customer:hotel, format:bulk-box, season:year-round, type:fresh-cut-flowers, price-status:placeholder, image-status:required, content-status:reviewed",Same-day delivery may be available across Kingston & St. Andrew for orders placed before 2PM.,Handle gently to protect stems and throats; pre-order for events. Tiered pricing on 25/50/100 stems.,Subject to seasonal availability and grower supply.,Recut stems and hydrate in shallow clean water; avoid crushing the hollow stems and keep water moderate to prevent softening.,[CLIENT CONFIRMATION REQUIRED],exact pack size|country of origin,DRAFT_PENDING_REVIEW,draft
white-hydrangeas,TNG-WHL-013,wholesale,White Hydrangeas,Fresh Cut Flowers,,both,bulk-box,hydrangea,white-ivory,wedding|sympathy|corporate|anniversary|everyday,florist|event-planner|hotel|corporate,year-round,moderate,5-9 days,45-65cm,Full head 12-18cm across,stem,1 box (20 stems),Pack Size,,3,25 Stems=90.00; 50 Stems=170.00; 100 Stems=320.00,REPLACE_BEFORE_PUBLISHING,REQUIRED,products/white-hydrangeas-1200x1500.jpg,"White Hydrangeas — The New Greenhouse, Kingston Jamaica",All Flowers|White and Ivory|Anniversary|Sympathy and Funeral|Corporate Gifting|Bulk Flowers|Florist Essentials,"channel:retail, channel:wholesale, flower:hydrangea, color:white-ivory, occasion:wedding, occasion:sympathy, occasion:corporate, occasion:anniversary, occasion:everyday, customer:florist, customer:event-planner, customer:hotel, customer:corporate, format:bulk-box, season:year-round, type:fresh-cut-flowers, price-status:placeholder, image-status:required, content-status:reviewed",Same-day delivery may be available across Kingston & St. Andrew for orders placed before 2PM.,"Thirsty flower, keep well hydrated; order ahead for events. Tiered pricing on 25/50/100 stems.",Subject to seasonal availability and grower supply.,"Recut stems, hydrate deeply and mist heads regularly; revive any wilting blooms by fully submerging the head in cool water.",[CLIENT CONFIRMATION REQUIRED],exact pack size|country of origin,DRAFT_PENDING_REVIEW,draft
antique-blue-hydrangeas,TNG-WHL-014,wholesale,Antique Blue Hydrangeas,Fresh Cut Flowers,,both,bulk-box,hydrangea,blue,wedding|anniversary|corporate|everyday,florist|event-planner|hotel,seasonal,moderate,5-9 days,45-65cm,Full head 12-18cm across,stem,1 box (20 stems),Pack Size,,3,25 Stems=90.00; 50 Stems=170.00; 100 Stems=320.00,REPLACE_BEFORE_PUBLISHING,REQUIRED,products/antique-blue-hydrangeas-1200x1500.jpg,"Antique Blue Hydrangeas — The New Greenhouse, Kingston Jamaica",All Flowers|Anniversary|Corporate Gifting|Bulk Flowers|Florist Essentials,"channel:retail, channel:wholesale, flower:hydrangea, color:blue, occasion:wedding, occasion:anniversary, occasion:corporate, occasion:everyday, customer:florist, customer:event-planner, customer:hotel, format:bulk-box, season:seasonal, type:fresh-cut-flowers, price-status:placeholder, image-status:required, content-status:reviewed",Same-day delivery may be available across Kingston & St. Andrew for orders placed before 2PM.,Antique tone is grower and season dependent; pre-order for events. Tiered pricing on 25/50/100 stems.,Antique shading varies by season; subject to grower supply.,"Recut stems, hydrate deeply and mist heads; revive any wilting blooms by submerging the full head in cool water.",[CLIENT CONFIRMATION REQUIRED],exact pack size|country of origin,DRAFT_PENDING_REVIEW,draft
pink-hydrangeas,TNG-WHL-015,wholesale,Pink Hydrangeas,Fresh Cut Flowers,,both,bulk-box,hydrangea,pink,wedding|new-baby|birthday|anniversary|everyday,florist|event-planner|hotel,year-round,moderate,5-9 days,45-65cm,Full head 12-18cm across,stem,1 box (20 stems),Pack Size,,3,25 Stems=90.00; 50 Stems=170.00; 100 Stems=320.00,REPLACE_BEFORE_PUBLISHING,REQUIRED,products/pink-hydrangeas-1200x1500.jpg,"Pink Hydrangeas — The New Greenhouse, Kingston Jamaica",All Flowers|Pink|Birthday|Anniversary|New Baby|Bulk Flowers|Florist Essentials,"channel:retail, channel:wholesale, flower:hydrangea, color:pink, occasion:wedding, occasion:new-baby, occasion:birthday, occasion:anniversary, occasion:everyday, customer:florist, customer:event-planner, customer:hotel, format:bulk-box, season:year-round, type:fresh-cut-flowers, price-status:placeholder, image-status:required, content-status:reviewed",Same-day delivery may be available across Kingston & St. Andrew for orders placed before 2PM.,Keep well hydrated; order ahead for events. Tiered pricing on 25/50/100 stems.,Subject to seasonal availability and grower supply.,"Recut stems, hydrate deeply and mist heads; revive wilting blooms by submerging the full head in cool water.",[CLIENT CONFIRMATION REQUIRED],exact pack size|country of origin,DRAFT_PENDING_REVIEW,draft
football-disbud-chrysanthemums,TNG-WHL-016,wholesale,Football Disbud Chrysanthemums,Fresh Cut Flowers,,wholesale,bulk-box,chrysanthemum,white-ivory,sympathy|corporate|everyday|congratulations,florist|event-planner|hotel|corporate,year-round,easy,10-16 days,55-70cm,Single head 10-14cm across,stem,1 box (40 stems),Pack Size,,3,25 Stems=35.00; 50 Stems=65.00; 100 Stems=120.00,REPLACE_BEFORE_PUBLISHING,REQUIRED,products/football-disbud-chrysanthemums-1200x1500.jpg,"Football Disbud Chrysanthemums — The New Greenhouse, Kingston Jamaica",All Flowers|White and Ivory|Sympathy and Funeral|Congratulations|Corporate Gifting|Bulk Flowers|Florist Essentials,"channel:wholesale, flower:chrysanthemum, color:white-ivory, occasion:sympathy, occasion:corporate, occasion:everyday, occasion:congratulations, customer:florist, customer:event-planner, customer:hotel, customer:corporate, format:bulk-box, season:year-round, type:fresh-cut-flowers, price-status:placeholder, image-status:required, content-status:reviewed",Same-day delivery may be available across Kingston & St. Andrew for orders placed before 2PM.,"Available in white, yellow and bronze; specify at order. Excellent value and longevity. Tiered pricing on 25/50/100 stems.",Subject to seasonal availability and grower supply.,"Recut stems, remove lower foliage and hydrate with flower food; very tolerant and long-lasting with routine care.",[CLIENT CONFIRMATION REQUIRED],exact pack size|country of origin,DRAFT_PENDING_REVIEW,draft
spider-chrysanthemums,TNG-WHL-017,wholesale,Spider Chrysanthemums,Fresh Cut Flowers,,wholesale,bulk-box,chrysanthemum,yellow-orange,corporate|everyday|sympathy|congratulations,florist|event-planner|hotel,year-round,easy,10-14 days,55-70cm,Single head 12-16cm across,stem,1 box (40 stems),Pack Size,,3,25 Stems=35.00; 50 Stems=65.00; 100 Stems=120.00,REPLACE_BEFORE_PUBLISHING,REQUIRED,products/spider-chrysanthemums-1200x1500.jpg,"Spider Chrysanthemums — The New Greenhouse, Kingston Jamaica",All Flowers|Yellow and Orange|Sympathy and Funeral|Congratulations|Corporate Gifting|Bulk Flowers|Florist Essentials,"channel:wholesale, flower:chrysanthemum, color:yellow-orange, occasion:corporate, occasion:everyday, occasion:sympathy, occasion:congratulations, customer:florist, customer:event-planner, customer:hotel, format:bulk-box, season:year-round, type:fresh-cut-flowers, price-status:placeholder, image-status:required, content-status:reviewed",Same-day delivery may be available across Kingston & St. Andrew for orders placed before 2PM.,Colours vary by season; specify preferences at order. Tiered pricing on 25/50/100 stems.,Subject to seasonal availability and grower supply.,"Recut stems, remove lower foliage and hydrate with flower food; gently fluff the petals after unpacking.",[CLIENT CONFIRMATION REQUIRED],exact pack size|country of origin,DRAFT_PENDING_REVIEW,draft
button-pompon-chrysanthemums,TNG-WHL-018,wholesale,Button Pompon Chrysanthemums,Fresh Cut Flowers,,wholesale,bulk-box,chrysanthemum,mixed,everyday|corporate|birthday|sympathy,florist|event-planner|hotel,year-round,easy,10-14 days,50-65cm,"Buttons 2-4cm, several per stem",stem,1 box (40 stems),Pack Size,,3,25 Stems=35.00; 50 Stems=65.00; 100 Stems=120.00,REPLACE_BEFORE_PUBLISHING,REQUIRED,products/button-pompon-chrysanthemums-1200x1500.jpg,"Button Pompon Chrysanthemums — The New Greenhouse, Kingston Jamaica",All Flowers|Mixed Color|Birthday|Sympathy and Funeral|Corporate Gifting|Bulk Flowers|Florist Essentials,"channel:wholesale, flower:chrysanthemum, color:mixed, occasion:everyday, occasion:corporate, occasion:birthday, occasion:sympathy, customer:florist, customer:event-planner, customer:hotel, format:bulk-box, season:year-round, type:fresh-cut-flowers, price-status:placeholder, image-status:required, content-status:reviewed",Same-day delivery may be available across Kingston & St. Andrew for orders placed before 2PM.,Assorted colours available; branching stems give high bloom count. Tiered pricing on 25/50/100 stems.,Colour mix subject to seasonal availability and grower supply.,"Recut stems, remove lower foliage and hydrate with flower food; pick off any spent blooms to keep clusters looking fresh.",[CLIENT CONFIRMATION REQUIRED],exact pack size|country of origin,DRAFT_PENDING_REVIEW,draft
standard-carnations-assorted,TNG-WHL-019,wholesale,Standard Carnations (Assorted),Fresh Cut Flowers,,wholesale,bulk-box,carnation,mixed,everyday|sympathy|corporate|birthday|congratulations,florist|event-planner|hotel|corporate,year-round,easy,12-21 days,50-65cm,Single head 5-7cm across,stem,1 box (100 stems),Pack Size,,3,25 Stems=30.00; 50 Stems=55.00; 100 Stems=100.00,REPLACE_BEFORE_PUBLISHING,REQUIRED,products/standard-carnations-assorted-1200x1500.jpg,"Standard Carnations (Assorted) — The New Greenhouse, Kingston Jamaica",All Flowers|Mixed Color|Birthday|Sympathy and Funeral|Congratulations|Corporate Gifting|Bulk Flowers|Florist Essentials,"channel:wholesale, flower:carnation, color:mixed, occasion:everyday, occasion:sympathy, occasion:corporate, occasion:birthday, occasion:congratulations, customer:florist, customer:event-planner, customer:hotel, customer:corporate, format:bulk-box, season:year-round, type:fresh-cut-flowers, price-status:placeholder, image-status:required, content-status:reviewed",Same-day delivery may be available across Kingston & St. Andrew for orders placed before 2PM.,Grower's-choice assorted mix; solid colours available on request. Outstanding value and longevity. Tiered pricing on 25/50/100 stems.,Colour mix subject to seasonal availability and grower supply.,Cut stems between the nodes rather than through them and hydrate with flower food; very tolerant and long-lasting.,[CLIENT CONFIRMATION REQUIRED],exact pack size|country of origin,DRAFT_PENDING_REVIEW,draft
spray-mini-carnations,TNG-WHL-020,wholesale,Spray Mini Carnations,Fresh Cut Flowers,,wholesale,bulk-box,carnation,mixed,everyday|birthday|wedding|corporate|sympathy,florist|event-planner|hotel,year-round,easy,10-18 days,45-60cm,"Blooms 3-4cm, 4-8 per stem",stem,1 box (100 stems),Pack Size,,3,25 Stems=30.00; 50 Stems=55.00; 100 Stems=100.00,REPLACE_BEFORE_PUBLISHING,REQUIRED,products/spray-mini-carnations-1200x1500.jpg,"Spray Mini Carnations — The New Greenhouse, Kingston Jamaica",All Flowers|Mixed Color|Birthday|Sympathy and Funeral|Corporate Gifting|Bulk Flowers|Florist Essentials,"channel:wholesale, flower:carnation, color:mixed, occasion:everyday, occasion:birthday, occasion:wedding, occasion:corporate, occasion:sympathy, customer:florist, customer:event-planner, customer:hotel, format:bulk-box, season:year-round, type:fresh-cut-flowers, price-status:placeholder, image-status:required, content-status:reviewed",Same-day delivery may be available across Kingston & St. Andrew for orders placed before 2PM.,Assorted colours; branching stems give high bloom count per box. Tiered pricing on 25/50/100 stems.,Colour mix subject to seasonal availability and grower supply.,Cut stems between the nodes and hydrate with flower food; remove spent blooms so remaining buds keep opening.,[CLIENT CONFIRMATION REQUIRED],exact pack size|country of origin,DRAFT_PENDING_REVIEW,draft
anthurium-stems,TNG-WHL-021,wholesale,Anthurium Stems,Fresh Cut Flowers,,wholesale,bulk-box,anthurium,red,corporate|everyday|wedding|congratulations,florist|event-planner|hotel|corporate,year-round,moderate,14-21 days,40-60cm,Spathe 8-15cm across,stem,1 box (30 stems),Pack Size,Stem Length,4,25 Stems/Standard=85.00; 50 Stems/Standard=160.00; 50 Stems/Premium=192.00; 100 Stems/Premium=360.00,REPLACE_BEFORE_PUBLISHING,REQUIRED,products/anthurium-stems-1200x1500.jpg,"Anthurium Stems — The New Greenhouse, Kingston Jamaica",All Flowers|Tropical Flowers|Red|Congratulations|Corporate Gifting|Bulk Flowers|Florist Essentials,"channel:wholesale, flower:anthurium, color:red, occasion:corporate, occasion:everyday, occasion:wedding, occasion:congratulations, customer:florist, customer:event-planner, customer:hotel, customer:corporate, format:bulk-box, season:year-round, type:fresh-cut-flowers, price-status:placeholder, image-status:required, content-status:reviewed",Same-day delivery may be available across Kingston & St. Andrew for orders placed before 2PM.,"Available in red, white, pink and green; size grades vary. Cold-sensitive, keep warm. Tiered pricing on 25/50/100 stems.",Subject to seasonal availability and grower supply.,"Recut stems and hydrate in clean water; keep above 13C and mist the spathe, as chilling causes brown blemishes.",[CLIENT CONFIRMATION REQUIRED],exact pack size|country of origin,DRAFT_PENDING_REVIEW,draft
heliconia,TNG-WHL-022,wholesale,Heliconia,Fresh Cut Flowers,,wholesale,bulk-box,heliconia,red,corporate|everyday|wedding|congratulations,florist|event-planner|hotel,year-round,moderate,10-18 days,70-100cm,Bract head 20-40cm long,stem,1 box (15 stems),Pack Size,,3,25 Stems=85.00; 50 Stems=160.00; 100 Stems=300.00,REPLACE_BEFORE_PUBLISHING,REQUIRED,products/heliconia-1200x1500.jpg,"Heliconia — The New Greenhouse, Kingston Jamaica",All Flowers|Tropical Flowers|Red|Congratulations|Corporate Gifting|Bulk Flowers|Florist Essentials,"channel:wholesale, flower:heliconia, color:red, occasion:corporate, occasion:everyday, occasion:wedding, occasion:congratulations, customer:florist, customer:event-planner, customer:hotel, format:bulk-box, season:year-round, type:fresh-cut-flowers, price-status:placeholder, image-status:required, content-status:reviewed",Same-day delivery may be available across Kingston & St. Andrew for orders placed before 2PM.,"Large, heavy stems; variety and size grades vary by supply. Cold-sensitive. Tiered pricing on 25/50/100 stems.",Subject to seasonal availability and grower supply.,"Recut stems and hydrate in deep clean water; keep above 13C and rinse bracts, which can trap water and debris.",[CLIENT CONFIRMATION REQUIRED],exact pack size|country of origin,DRAFT_PENDING_REVIEW,draft
torch-ginger,TNG-WHL-023,wholesale,Torch Ginger,Fresh Cut Flowers,,wholesale,bulk-box,ginger,red,wedding|corporate|everyday|congratulations,florist|event-planner|hotel,year-round,moderate,7-14 days,60-90cm,Head 12-18cm across,stem,1 box (15 stems),Pack Size,,3,25 Stems=85.00; 50 Stems=160.00; 100 Stems=300.00,REPLACE_BEFORE_PUBLISHING,REQUIRED,products/torch-ginger-1200x1500.jpg,"Torch Ginger — The New Greenhouse, Kingston Jamaica",All Flowers|Tropical Flowers|Red|Congratulations|Corporate Gifting|Bulk Flowers|Florist Essentials,"channel:wholesale, flower:ginger, color:red, occasion:wedding, occasion:corporate, occasion:everyday, occasion:congratulations, customer:florist, customer:event-planner, customer:hotel, format:bulk-box, season:year-round, type:fresh-cut-flowers, price-status:placeholder, image-status:required, content-status:reviewed",Same-day delivery may be available across Kingston & St. Andrew for orders placed before 2PM.,Premium heavy focal flower; pink and red forms vary by supply. Cold-sensitive. Tiered pricing on 25/50/100 stems.,Subject to seasonal availability and grower supply.,Recut stems and hydrate in deep clean water; keep above 13C and mist the head to maintain its waxy sheen.,[CLIENT CONFIRMATION REQUIRED],exact pack size|country of origin,DRAFT_PENDING_REVIEW,draft
bird-of-paradise,TNG-WHL-024,wholesale,Bird of Paradise,Fresh Cut Flowers,,wholesale,bulk-box,bird-of-paradise,yellow-orange,corporate|everyday|congratulations|wedding,florist|event-planner|hotel|corporate,year-round,moderate,10-18 days,70-100cm,Head 15-20cm long,stem,1 box (20 stems),Pack Size,,3,25 Stems=85.00; 50 Stems=160.00; 100 Stems=300.00,REPLACE_BEFORE_PUBLISHING,REQUIRED,products/bird-of-paradise-1200x1500.jpg,"Bird of Paradise — The New Greenhouse, Kingston Jamaica",All Flowers|Tropical Flowers|Yellow and Orange|Congratulations|Corporate Gifting|Bulk Flowers|Florist Essentials,"channel:wholesale, flower:bird-of-paradise, color:yellow-orange, occasion:corporate, occasion:everyday, occasion:congratulations, occasion:wedding, customer:florist, customer:event-planner, customer:hotel, customer:corporate, format:bulk-box, season:year-round, type:fresh-cut-flowers, price-status:placeholder, image-status:required, content-status:reviewed",Same-day delivery may be available across Kingston & St. Andrew for orders placed before 2PM.,"Long, heavy focal stems; size grades vary. Cold-sensitive. Tiered pricing on 25/50/100 stems.",Subject to seasonal availability and grower supply.,Recut stems and hydrate in deep clean water; keep above 10C and gently ease out each successive bloom as the previous one fades.,[CLIENT CONFIRMATION REQUIRED],exact pack size|country of origin,DRAFT_PENDING_REVIEW,draft
seeded-eucalyptus,TNG-WHL-025,wholesale,Seeded Eucalyptus,Greenery,,wholesale,bunch,eucalyptus,green,wedding|everyday|corporate|sympathy,florist|event-planner|hotel,year-round,easy,10-16 days,45-70cm,"Foliage bunch, seed pods 3-5mm",bunch,5 bunches,Pack Size,,3,25 Stems=35.00; 50 Stems=65.00; 100 Stems=120.00,REPLACE_BEFORE_PUBLISHING,REQUIRED,products/seeded-eucalyptus-1200x1500.jpg,"Seeded Eucalyptus — The New Greenhouse, Kingston Jamaica",All Flowers|Greenery and Fillers|Green|Sympathy and Funeral|Corporate Gifting|Bulk Flowers|Wholesale Greenery|Florist Essentials,"channel:wholesale, flower:eucalyptus, color:green, occasion:wedding, occasion:everyday, occasion:corporate, occasion:sympathy, customer:florist, customer:event-planner, customer:hotel, format:bunch, season:year-round, type:greenery, price-status:placeholder, image-status:required, content-status:reviewed",Same-day delivery may be available across Kingston & St. Andrew for orders placed before 2PM.,Sold in field bunches by weight; stem count per bunch varies naturally. Tiered pricing on 25/50/100 stems.,Subject to seasonal availability and grower supply.,"Recut the woody stems firmly, strip lower leaves and hydrate in clean water; dries well if hung upside down.",[CLIENT CONFIRMATION REQUIRED],exact pack size|country of origin,DRAFT_PENDING_REVIEW,draft
silver-dollar-eucalyptus,TNG-WHL-026,wholesale,Silver Dollar Eucalyptus,Greenery,,wholesale,bunch,eucalyptus,green,wedding|everyday|corporate|sympathy,florist|event-planner|hotel,year-round,easy,10-16 days,45-70cm,"Foliage bunch, leaves 3-5cm across",bunch,5 bunches,Pack Size,,3,25 Stems=35.00; 50 Stems=65.00; 100 Stems=120.00,REPLACE_BEFORE_PUBLISHING,REQUIRED,products/silver-dollar-eucalyptus-1200x1500.jpg,"Silver Dollar Eucalyptus — The New Greenhouse, Kingston Jamaica",All Flowers|Greenery and Fillers|Green|Sympathy and Funeral|Corporate Gifting|Bulk Flowers|Wholesale Greenery|Florist Essentials,"channel:wholesale, flower:eucalyptus, color:green, occasion:wedding, occasion:everyday, occasion:corporate, occasion:sympathy, customer:florist, customer:event-planner, customer:hotel, format:bunch, season:year-round, type:greenery, price-status:placeholder, image-status:required, content-status:reviewed",Same-day delivery may be available across Kingston & St. Andrew for orders placed before 2PM.,Sold in field bunches by weight; stem count per bunch varies. Tiered pricing on 25/50/100 stems.,Subject to seasonal availability and grower supply.,"Recut the woody stems firmly, strip lower leaves and hydrate in clean water; hang to dry for lasting decor.",[CLIENT CONFIRMATION REQUIRED],exact pack size|country of origin,DRAFT_PENDING_REVIEW,draft
israeli-ruscus,TNG-WHL-027,wholesale,Israeli Ruscus,Greenery,,wholesale,bunch,ruscus,green,wedding|sympathy|corporate|everyday,florist|event-planner|hotel,year-round,easy,14-21 days,50-75cm,"Foliage bunch, leaves 4-7cm",bunch,5 bunches,Pack Size,,3,25 Stems=35.00; 50 Stems=65.00; 100 Stems=120.00,REPLACE_BEFORE_PUBLISHING,REQUIRED,products/israeli-ruscus-1200x1500.jpg,"Israeli Ruscus — The New Greenhouse, Kingston Jamaica",All Flowers|Greenery and Fillers|Green|Sympathy and Funeral|Corporate Gifting|Bulk Flowers|Wholesale Greenery|Florist Essentials,"channel:wholesale, flower:ruscus, color:green, occasion:wedding, occasion:sympathy, occasion:corporate, occasion:everyday, customer:florist, customer:event-planner, customer:hotel, format:bunch, season:year-round, type:greenery, price-status:placeholder, image-status:required, content-status:reviewed",Same-day delivery may be available across Kingston & St. Andrew for orders placed before 2PM.,Sold in field bunches by weight; stem count per bunch varies. Excellent longevity. Tiered pricing on 25/50/100 stems.,Subject to seasonal availability and grower supply.,"Recut stems, strip lower leaves and hydrate in clean water; one of the most tolerant, long-lasting greens available.",[CLIENT CONFIRMATION REQUIRED],exact pack size|country of origin,DRAFT_PENDING_REVIEW,draft
palm-leather-leaf,TNG-WHL-028,wholesale,Palm & Leather Leaf,Greenery,,wholesale,bunch,palm,green,sympathy|everyday|corporate|wedding,florist|event-planner|hotel,year-round,easy,10-18 days,40-65cm,"Mixed fronds; palm 20-40cm, leather leaf 25-35cm",bunch,5 bunches,Pack Size,,3,25 Stems=35.00; 50 Stems=65.00; 100 Stems=120.00,REPLACE_BEFORE_PUBLISHING,REQUIRED,products/palm-leather-leaf-1200x1500.jpg,"Palm & Leather Leaf — The New Greenhouse, Kingston Jamaica",All Flowers|Greenery and Fillers|Green|Sympathy and Funeral|Corporate Gifting|Bulk Flowers|Wholesale Greenery|Florist Essentials,"channel:wholesale, flower:palm, color:green, occasion:sympathy, occasion:everyday, occasion:corporate, occasion:wedding, customer:florist, customer:event-planner, customer:hotel, format:bunch, season:year-round, type:greenery, price-status:placeholder, image-status:required, content-status:reviewed",Same-day delivery may be available across Kingston & St. Andrew for orders placed before 2PM.,Assorted mixed foliage sold by the bunch; palm and leather leaf proportions vary. Tiered pricing on 25/50/100 stems.,Subject to seasonal availability and grower supply.,"Recut stems, rinse and hydrate in clean water; mist palm fronds occasionally to keep them supple.",[CLIENT CONFIRMATION REQUIRED],exact pack size|country of origin,DRAFT_PENDING_REVIEW,draft
babys-breath-gypsophila,TNG-WHL-029,wholesale,Baby's Breath (Gypsophila),Floral Filler,,wholesale,bunch,babys-breath,white-ivory,wedding|everyday|sympathy|new-baby|corporate,florist|event-planner|hotel,year-round,easy,7-12 days,40-60cm,Florets 3-6mm in airy sprays,bunch,5 bunches,Pack Size,,3,25 Stems=28.00; 50 Stems=52.00; 100 Stems=95.00,REPLACE_BEFORE_PUBLISHING,REQUIRED,products/babys-breath-gypsophila-1200x1500.jpg,"Baby's Breath (Gypsophila) — The New Greenhouse, Kingston Jamaica",All Flowers|Greenery and Fillers|White and Ivory|Sympathy and Funeral|New Baby|Corporate Gifting|Bulk Flowers|Wholesale Greenery|Florist Essentials,"channel:wholesale, flower:babys-breath, color:white-ivory, occasion:wedding, occasion:everyday, occasion:sympathy, occasion:new-baby, occasion:corporate, customer:florist, customer:event-planner, customer:hotel, format:bunch, season:year-round, type:floral-filler, price-status:placeholder, image-status:required, content-status:reviewed",Same-day delivery may be available across Kingston & St. Andrew for orders placed before 2PM.,Sold in field bunches by weight for maximum coverage; stem count varies. Tiered pricing on 25/50/100 stems.,Subject to seasonal availability and grower supply.,"Recut stems and hydrate in clean water with flower food; open in a warm, airy space to help the fine buds fluff out.",[CLIENT CONFIRMATION REQUIRED],exact pack size|country of origin,DRAFT_PENDING_REVIEW,draft
wax-flower,TNG-WHL-030,wholesale,Wax Flower,Floral Filler,,wholesale,bunch,wax-flower,pink,wedding|everyday|birthday|corporate,florist|event-planner|hotel,seasonal,easy,8-14 days,40-60cm,Florets 5-8mm in loose sprays,bunch,5 bunches,Pack Size,,3,25 Stems=28.00; 50 Stems=52.00; 100 Stems=95.00,REPLACE_BEFORE_PUBLISHING,REQUIRED,products/wax-flower-1200x1500.jpg,"Wax Flower — The New Greenhouse, Kingston Jamaica",All Flowers|Greenery and Fillers|Pink|Birthday|Corporate Gifting|Bulk Flowers|Wholesale Greenery|Florist Essentials,"channel:wholesale, flower:wax-flower, color:pink, occasion:wedding, occasion:everyday, occasion:birthday, occasion:corporate, customer:florist, customer:event-planner, customer:hotel, format:bunch, season:seasonal, type:floral-filler, price-status:placeholder, image-status:required, content-status:reviewed",Same-day delivery may be available across Kingston & St. Andrew for orders placed before 2PM.,"Sold in field bunches by weight; white, pink and purple forms vary by season. Tiered pricing on 25/50/100 stems.",Peak availability is cooler months; subject to grower supply.,"Recut stems, strip lower foliage and hydrate with flower food; handle gently to avoid crushing the fine stems.",[CLIENT CONFIRMATION REQUIRED],exact pack size|country of origin,DRAFT_PENDING_REVIEW,draft
statice,TNG-WHL-031,wholesale,Statice,Floral Filler,,wholesale,bunch,statice,purple,everyday|wedding|corporate|sympathy,florist|event-planner|hotel,year-round,easy,10-16 days,40-60cm,Papery clusters 1-2cm,bunch,5 bunches,Pack Size,,3,25 Stems=28.00; 50 Stems=52.00; 100 Stems=95.00,REPLACE_BEFORE_PUBLISHING,REQUIRED,products/statice-1200x1500.jpg,"Statice — The New Greenhouse, Kingston Jamaica",All Flowers|Greenery and Fillers|Purple|Sympathy and Funeral|Corporate Gifting|Bulk Flowers|Wholesale Greenery|Florist Essentials,"channel:wholesale, flower:statice, color:purple, occasion:everyday, occasion:wedding, occasion:corporate, occasion:sympathy, customer:florist, customer:event-planner, customer:hotel, format:bunch, season:year-round, type:floral-filler, price-status:placeholder, image-status:required, content-status:reviewed",Same-day delivery may be available across Kingston & St. Andrew for orders placed before 2PM.,"Sold in field bunches by weight; purple, white, yellow and blue forms available. Tiered pricing on 25/50/100 stems.",Colour range subject to seasonal availability and grower supply.,"Recut stems, strip lower foliage and hydrate in clean water; extremely low-maintenance and dries in place with no fading.",[CLIENT CONFIRMATION REQUIRED],exact pack size|country of origin,DRAFT_PENDING_REVIEW,draft
solidago,TNG-WHL-032,wholesale,Solidago,Floral Filler,,wholesale,bunch,solidago,yellow-orange,everyday|wedding|birthday|corporate|congratulations,florist|event-planner|hotel,year-round,easy,7-12 days,50-70cm,Feathery plumes 8-15cm,bunch,5 bunches,Pack Size,,3,25 Stems=28.00; 50 Stems=52.00; 100 Stems=95.00,REPLACE_BEFORE_PUBLISHING,REQUIRED,products/solidago-1200x1500.jpg,"Solidago — The New Greenhouse, Kingston Jamaica",All Flowers|Greenery and Fillers|Yellow and Orange|Birthday|Congratulations|Corporate Gifting|Bulk Flowers|Wholesale Greenery|Florist Essentials,"channel:wholesale, flower:solidago, color:yellow-orange, occasion:everyday, occasion:wedding, occasion:birthday, occasion:corporate, occasion:congratulations, customer:florist, customer:event-planner, customer:hotel, format:bunch, season:year-round, type:floral-filler, price-status:placeholder, image-status:required, content-status:reviewed",Same-day delivery may be available across Kingston & St. Andrew for orders placed before 2PM.,Sold in field bunches by weight; stem count varies naturally. Tiered pricing on 25/50/100 stems.,Subject to seasonal availability and grower supply.,"Recut stems, strip lower foliage and hydrate with flower food; change water regularly as the fine foliage can cloud it.",[CLIENT CONFIRMATION REQUIRED],exact pack size|country of origin,DRAFT_PENDING_REVIEW,draft
birthday-brights-bouquet,TNG-RTL-001,retail,Birthday Brights Bouquet,Floral Arrangement,,retail,bouquet,mixed,yellow-orange|pink|mixed,birthday,retail-shopper,year-round,easy,5-7 days,,,arrangement,1,Size,,3,Classic=65.00; Grand=95.00; Signature=135.00,REPLACE_BEFORE_PUBLISHING,REQUIRED,products/birthday-brights-bouquet-1200x1500.jpg,"Birthday Brights Bouquet — The New Greenhouse, Kingston Jamaica",All Flowers|Pink|Yellow and Orange|Mixed Color|Birthday,"channel:retail, flower:mixed, color:yellow-orange, color:pink, color:mixed, occasion:birthday, customer:retail-shopper, format:bouquet, season:year-round, type:floral-arrangement, price-status:placeholder, image-status:required, content-status:reviewed",Same-day delivery may be available across Kingston & St. Andrew for orders placed before 2PM.,,Blooms and colours may vary slightly with seasonal availability.,"Trim stem ends on arrival, keep in fresh water away from direct sun, and change the water every two to three days.",[CLIENT CONFIRMATION REQUIRED],,DRAFT_PENDING_REVIEW,draft
classic-birthday-blooms,TNG-RTL-002,retail,Classic Birthday Blooms,Floral Arrangement,,retail,bouquet,mixed,pink|white-ivory|mixed,birthday,retail-shopper,year-round,easy,5-7 days,,,arrangement,1,Size,,2,Classic=65.00; Grand=95.00,REPLACE_BEFORE_PUBLISHING,REQUIRED,products/classic-birthday-blooms-1200x1500.jpg,"Classic Birthday Blooms — The New Greenhouse, Kingston Jamaica",All Flowers|White and Ivory|Pink|Mixed Color|Birthday,"channel:retail, flower:mixed, color:pink, color:white-ivory, color:mixed, occasion:birthday, customer:retail-shopper, format:bouquet, season:year-round, type:floral-arrangement, price-status:placeholder, image-status:required, content-status:reviewed",Same-day delivery may be available across Kingston & St. Andrew for orders placed before 2PM.,,Flower selection may vary slightly with seasonal availability.,"Recut the stems at an angle, keep in clean fresh water, and remove any leaves that sit below the waterline.",[CLIENT CONFIRMATION REQUIRED],,DRAFT_PENDING_REVIEW,draft
anniversary-rose-bouquet,TNG-RTL-003,retail,Anniversary Rose Bouquet,Floral Arrangement,,retail,bouquet,rose,red|pink,anniversary|romance,retail-shopper,year-round,easy,5-7 days,,,arrangement,1,Size,,3,Classic=65.00; Grand=95.00; Signature=135.00,REPLACE_BEFORE_PUBLISHING,REQUIRED,products/anniversary-rose-bouquet-1200x1500.jpg,"Anniversary Rose Bouquet — The New Greenhouse, Kingston Jamaica",All Flowers|Roses|Red|Pink|Anniversary|Love and Romance,"channel:retail, flower:rose, color:red, color:pink, occasion:anniversary, occasion:romance, customer:retail-shopper, format:bouquet, season:year-round, type:floral-arrangement, price-status:placeholder, image-status:required, content-status:reviewed",Same-day delivery may be available across Kingston & St. Andrew for orders placed before 2PM.,,Rose variety and tone may vary slightly with seasonal availability.,"Recut stems at an angle, keep in fresh water away from heat and direct sun, and change the water every two days.",[CLIENT CONFIRMATION REQUIRED],,DRAFT_PENDING_REVIEW,draft
anniversary-luxe-arrangement,TNG-RTL-004,retail,Anniversary Luxe Arrangement,Floral Arrangement,,retail,arrangement,mixed,red|white-ivory|pink,anniversary|romance,retail-shopper|corporate,year-round,easy,6-8 days,,,arrangement,1,Size,,2,Grand=95.00; Signature=135.00,REPLACE_BEFORE_PUBLISHING,REQUIRED,products/anniversary-luxe-arrangement-1200x1500.jpg,"Anniversary Luxe Arrangement — The New Greenhouse, Kingston Jamaica",All Flowers|White and Ivory|Red|Pink|Anniversary|Love and Romance,"channel:retail, flower:mixed, color:red, color:white-ivory, color:pink, occasion:anniversary, occasion:romance, customer:retail-shopper, customer:corporate, format:arrangement, season:year-round, type:floral-arrangement, price-status:placeholder, image-status:required, content-status:reviewed",Same-day delivery may be available across Kingston & St. Andrew for orders placed before 2PM.,,Vase style and flower selection may vary with seasonal availability.,Top up the vase with fresh water every couple of days and keep away from direct sun; lilies will open fully over several days.,[CLIENT CONFIRMATION REQUIRED],,DRAFT_PENDING_REVIEW,draft
red-rose-romance-bouquet,TNG-RTL-005,retail,Red Rose Romance Bouquet,Floral Arrangement,,retail,bouquet,rose,red,romance,retail-shopper,year-round,easy,5-7 days,,,arrangement,1,Size,,3,Classic=65.00; Grand=95.00; Signature=135.00,REPLACE_BEFORE_PUBLISHING,REQUIRED,products/red-rose-romance-bouquet-1200x1500.jpg,"Red Rose Romance Bouquet — The New Greenhouse, Kingston Jamaica",All Flowers|Roses|Red|Love and Romance,"channel:retail, flower:rose, color:red, occasion:romance, customer:retail-shopper, format:bouquet, season:year-round, type:floral-arrangement, price-status:placeholder, image-status:required, content-status:reviewed",Same-day delivery may be available across Kingston & St. Andrew for orders placed before 2PM.,,Rose variety may vary slightly with seasonal availability.,"Recut the stems at an angle, keep in clean fresh water away from heat, and refresh the water every two days.",[CLIENT CONFIRMATION REQUIRED],,DRAFT_PENDING_REVIEW,draft
blush-romance-bouquet,TNG-RTL-006,retail,Blush Romance Bouquet,Floral Arrangement,,retail,bouquet,rose,pink|white-ivory,romance,retail-shopper,year-round,easy,5-7 days,,,arrangement,1,Size,,2,Classic=65.00; Grand=95.00,REPLACE_BEFORE_PUBLISHING,REQUIRED,products/blush-romance-bouquet-1200x1500.jpg,"Blush Romance Bouquet — The New Greenhouse, Kingston Jamaica",All Flowers|Roses|White and Ivory|Pink|Love and Romance,"channel:retail, flower:rose, color:pink, color:white-ivory, occasion:romance, customer:retail-shopper, format:bouquet, season:year-round, type:floral-arrangement, price-status:placeholder, image-status:required, content-status:reviewed",Same-day delivery may be available across Kingston & St. Andrew for orders placed before 2PM.,,Rose tone may vary slightly with seasonal availability.,"Recut stems at an angle, keep in fresh water away from direct sun, and change the water every two to three days.",[CLIENT CONFIRMATION REQUIRED],,DRAFT_PENDING_REVIEW,draft
congratulations-bright-bouquet,TNG-RTL-007,retail,Congratulations Bright Bouquet,Floral Arrangement,,retail,bouquet,mixed,mixed|yellow-orange|pink,congratulations,retail-shopper|corporate,year-round,easy,5-7 days,,,arrangement,1,Size,,3,Classic=65.00; Grand=95.00; Signature=135.00,REPLACE_BEFORE_PUBLISHING,REQUIRED,products/congratulations-bright-bouquet-1200x1500.jpg,"Congratulations Bright Bouquet — The New Greenhouse, Kingston Jamaica",All Flowers|Pink|Yellow and Orange|Mixed Color|Congratulations,"channel:retail, flower:mixed, color:mixed, color:yellow-orange, color:pink, occasion:congratulations, customer:retail-shopper, customer:corporate, format:bouquet, season:year-round, type:floral-arrangement, price-status:placeholder, image-status:required, content-status:reviewed",Same-day delivery may be available across Kingston & St. Andrew for orders placed before 2PM.,,Blooms and colours may vary with seasonal availability.,"Recut the stems, keep in clean fresh water away from direct sun, and change the water every two to three days.",[CLIENT CONFIRMATION REQUIRED],,DRAFT_PENDING_REVIEW,draft
congratulations-elegant-arrangement,TNG-RTL-008,retail,Congratulations Elegant Arrangement,Floral Arrangement,,retail,arrangement,mixed,mixed|white-ivory,congratulations|corporate,retail-shopper|corporate,year-round,easy,6-8 days,,,arrangement,1,Size,,2,Grand=95.00; Signature=135.00,REPLACE_BEFORE_PUBLISHING,REQUIRED,products/congratulations-elegant-arrangement-1200x1500.jpg,"Congratulations Elegant Arrangement — The New Greenhouse, Kingston Jamaica",All Flowers|White and Ivory|Mixed Color|Congratulations|Corporate Gifting,"channel:retail, flower:mixed, color:mixed, color:white-ivory, occasion:congratulations, occasion:corporate, customer:retail-shopper, customer:corporate, format:arrangement, season:year-round, type:floral-arrangement, price-status:placeholder, image-status:required, content-status:reviewed",Same-day delivery may be available across Kingston & St. Andrew for orders placed before 2PM.,,Vase style and flower selection may vary with seasonal availability.,"Keep the vase topped up with fresh water, position away from direct sun and heat, and remove any spent blooms.",[CLIENT CONFIRMATION REQUIRED],,DRAFT_PENDING_REVIEW,draft
new-baby-soft-pink-bouquet,TNG-RTL-009,retail,New Baby Soft Pink Bouquet,Floral Arrangement,,retail,bouquet,mixed,pink|white-ivory,new-baby,retail-shopper,year-round,easy,5-7 days,,,arrangement,1,Size,,2,Classic=65.00; Grand=95.00,REPLACE_BEFORE_PUBLISHING,REQUIRED,products/new-baby-soft-pink-bouquet-1200x1500.jpg,"New Baby Soft Pink Bouquet — The New Greenhouse, Kingston Jamaica",All Flowers|White and Ivory|Pink|New Baby,"channel:retail, flower:mixed, color:pink, color:white-ivory, occasion:new-baby, customer:retail-shopper, format:bouquet, season:year-round, type:floral-arrangement, price-status:placeholder, image-status:required, content-status:reviewed",Same-day delivery may be available across Kingston & St. Andrew for orders placed before 2PM.,,Blooms may vary slightly with seasonal availability.,"Recut stems at an angle, keep in clean fresh water away from direct sun, and change the water every two to three days.",[CLIENT CONFIRMATION REQUIRED],,DRAFT_PENDING_REVIEW,draft
new-baby-neutral-bouquet,TNG-RTL-010,retail,New Baby Neutral Bouquet,Floral Arrangement,,retail,bouquet,mixed,white-ivory|green,new-baby,retail-shopper,year-round,easy,5-7 days,,,arrangement,1,Size,,2,Classic=65.00; Grand=95.00,REPLACE_BEFORE_PUBLISHING,REQUIRED,products/new-baby-neutral-bouquet-1200x1500.jpg,"New Baby Neutral Bouquet — The New Greenhouse, Kingston Jamaica",All Flowers|White and Ivory|Green|New Baby,"channel:retail, flower:mixed, color:white-ivory, color:green, occasion:new-baby, customer:retail-shopper, format:bouquet, season:year-round, type:floral-arrangement, price-status:placeholder, image-status:required, content-status:reviewed",Same-day delivery may be available across Kingston & St. Andrew for orders placed before 2PM.,,Flower selection may vary slightly with seasonal availability.,"Recut the stems, keep in fresh water away from heat and direct sun, and change the water every two to three days.",[CLIENT CONFIRMATION REQUIRED],,DRAFT_PENDING_REVIEW,draft
get-well-sunshine-bouquet,TNG-RTL-011,retail,Get Well Sunshine Bouquet,Floral Arrangement,,retail,bouquet,mixed,yellow-orange,get-well,retail-shopper,year-round,easy,5-7 days,,,arrangement,1,Size,,2,Classic=65.00; Grand=95.00,REPLACE_BEFORE_PUBLISHING,REQUIRED,products/get-well-sunshine-bouquet-1200x1500.jpg,"Get Well Sunshine Bouquet — The New Greenhouse, Kingston Jamaica",All Flowers|Yellow and Orange|Get Well,"channel:retail, flower:mixed, color:yellow-orange, occasion:get-well, customer:retail-shopper, format:bouquet, season:year-round, type:floral-arrangement, price-status:placeholder, image-status:required, content-status:reviewed",Same-day delivery may be available across Kingston & St. Andrew for orders placed before 2PM.,,Blooms may vary slightly with seasonal availability.,"Recut stems at an angle, keep in clean fresh water away from direct sun, and change the water every two to three days.",[CLIENT CONFIRMATION REQUIRED],,DRAFT_PENDING_REVIEW,draft
get-well-soft-pastels,TNG-RTL-012,retail,Get Well Soft Pastels,Floral Arrangement,,retail,bouquet,mixed,pink|purple|white-ivory,get-well,retail-shopper,year-round,easy,5-7 days,,,arrangement,1,Size,,2,Classic=65.00; Grand=95.00,REPLACE_BEFORE_PUBLISHING,REQUIRED,products/get-well-soft-pastels-1200x1500.jpg,"Get Well Soft Pastels — The New Greenhouse, Kingston Jamaica",All Flowers|White and Ivory|Pink|Purple|Get Well,"channel:retail, flower:mixed, color:pink, color:purple, color:white-ivory, occasion:get-well, customer:retail-shopper, format:bouquet, season:year-round, type:floral-arrangement, price-status:placeholder, image-status:required, content-status:reviewed",Same-day delivery may be available across Kingston & St. Andrew for orders placed before 2PM.,,Flower selection may vary slightly with seasonal availability.,"Recut the stems, keep in fresh water away from direct sun and heat, and change the water every two to three days.",[CLIENT CONFIRMATION REQUIRED],,DRAFT_PENDING_REVIEW,draft
designers-choice-bouquet,TNG-RTL-013,retail,Designer's Choice Bouquet,Floral Arrangement,,retail,bouquet,mixed,mixed,everyday,retail-shopper|corporate,year-round,easy,5-7 days,,,arrangement,1,Size,,3,Classic=65.00; Grand=95.00; Signature=135.00,REPLACE_BEFORE_PUBLISHING,REQUIRED,products/designers-choice-bouquet-1200x1500.jpg,"Designer's Choice Bouquet — The New Greenhouse, Kingston Jamaica",All Flowers|Mixed Color,"channel:retail, flower:mixed, color:mixed, occasion:everyday, customer:retail-shopper, customer:corporate, format:bouquet, season:year-round, type:floral-arrangement, price-status:placeholder, image-status:required, content-status:reviewed",Same-day delivery may be available across Kingston & St. Andrew for orders placed before 2PM.,,Blooms and colours vary daily with fresh stock availability.,"Recut stems at an angle, keep in clean fresh water away from direct sun, and change the water every two to three days.",[CLIENT CONFIRMATION REQUIRED],,DRAFT_PENDING_REVIEW,draft
seasonal-market-bunch,TNG-RTL-014,retail,Seasonal Market Bunch,Floral Arrangement,,retail,bouquet,mixed,mixed,everyday,retail-shopper,seasonal,easy,5-7 days,,,arrangement,1,Size,,2,Classic=65.00; Grand=95.00,REPLACE_BEFORE_PUBLISHING,REQUIRED,products/seasonal-market-bunch-1200x1500.jpg,"Seasonal Market Bunch — The New Greenhouse, Kingston Jamaica",All Flowers|Mixed Color,"channel:retail, flower:mixed, color:mixed, occasion:everyday, customer:retail-shopper, format:bouquet, season:seasonal, type:floral-arrangement, price-status:placeholder, image-status:required, content-status:reviewed",Same-day delivery may be available across Kingston & St. Andrew for orders placed before 2PM.,,Contents change with the season and daily availability.,"Recut the stems, keep in clean fresh water away from direct sun, and change the water every two to three days.",[CLIENT CONFIRMATION REQUIRED],,DRAFT_PENDING_REVIEW,draft
everyday-ivory-elegance,TNG-RTL-015,retail,Everyday Ivory Elegance,Floral Arrangement,,retail,bouquet,mixed,white-ivory|green,everyday,retail-shopper|corporate,year-round,easy,5-7 days,,,arrangement,1,Size,,3,Classic=65.00; Grand=95.00; Signature=135.00,REPLACE_BEFORE_PUBLISHING,REQUIRED,products/everyday-ivory-elegance-1200x1500.jpg,"Everyday Ivory Elegance — The New Greenhouse, Kingston Jamaica",All Flowers|White and Ivory|Green,"channel:retail, flower:mixed, color:white-ivory, color:green, occasion:everyday, customer:retail-shopper, customer:corporate, format:bouquet, season:year-round, type:floral-arrangement, price-status:placeholder, image-status:required, content-status:reviewed",Same-day delivery may be available across Kingston & St. Andrew for orders placed before 2PM.,,Flower selection may vary slightly with seasonal availability.,"Recut stems at an angle, keep in fresh water away from heat and direct sun, and change the water every two to three days.",[CLIENT CONFIRMATION REQUIRED],,DRAFT_PENDING_REVIEW,draft
modern-mixed-bouquet,TNG-RTL-016,retail,Modern Mixed Bouquet,Floral Arrangement,,retail,bouquet,mixed,mixed,everyday,retail-shopper|corporate,year-round,easy,5-7 days,,,arrangement,1,Size,,3,Classic=65.00; Grand=95.00; Signature=135.00,REPLACE_BEFORE_PUBLISHING,REQUIRED,products/modern-mixed-bouquet-1200x1500.jpg,"Modern Mixed Bouquet — The New Greenhouse, Kingston Jamaica",All Flowers|Mixed Color,"channel:retail, flower:mixed, color:mixed, occasion:everyday, customer:retail-shopper, customer:corporate, format:bouquet, season:year-round, type:floral-arrangement, price-status:placeholder, image-status:required, content-status:reviewed",Same-day delivery may be available across Kingston & St. Andrew for orders placed before 2PM.,,Blooms and colours may vary with seasonal availability.,"Recut the stems, keep in clean fresh water away from direct sun, and change the water every two to three days.",[CLIENT CONFIRMATION REQUIRED],,DRAFT_PENDING_REVIEW,draft
standing-spray-classic-white,TNG-SYM-001,sympathy,Standing Spray — Classic White,Sympathy Arrangement,,both,standing-spray,lily,white-ivory|green,sympathy,retail-shopper|corporate,year-round,easy,4-6 days,,,arrangement,1,(single),,1,Default=240.00,REPLACE_BEFORE_PUBLISHING,REQUIRED,products/standing-spray-classic-white-1200x1500.jpg,"Standing Spray — Classic White — The New Greenhouse, Kingston Jamaica",Lilies|White and Ivory|Green|Sympathy and Funeral|Bulk Flowers,"channel:retail, channel:wholesale, flower:lily, color:white-ivory, color:green, occasion:sympathy, customer:retail-shopper, customer:corporate, format:standing-spray, season:year-round, type:sympathy-arrangement, price-status:placeholder, image-status:required, content-status:reviewed","Delivery to homes, churches, or funeral homes across Kingston & St. Andrew can be arranged; timing is coordinated with the service and subject to availability.",Corporate and funeral-home accounts can arrange standing orders for recurring services; contact us to set up trade terms.,Flower varieties may vary with seasonal availability while keeping the all-white style.,Keep the easel upright in a cool spot away from direct sunlight and heat until the service.,[CLIENT CONFIRMATION REQUIRED],ribbon banner wording|service date and venue,DRAFT_PENDING_REVIEW,draft
standing-spray-mixed-tribute,TNG-SYM-002,sympathy,Standing Spray — Mixed Tribute,Sympathy Arrangement,,both,standing-spray,mixed,mixed|pink|white-ivory,sympathy,retail-shopper|corporate,year-round,easy,4-6 days,,,arrangement,1,(single),,1,Default=240.00,REPLACE_BEFORE_PUBLISHING,REQUIRED,products/standing-spray-mixed-tribute-1200x1500.jpg,"Standing Spray — Mixed Tribute — The New Greenhouse, Kingston Jamaica",White and Ivory|Pink|Mixed Color|Sympathy and Funeral|Bulk Flowers,"channel:retail, channel:wholesale, flower:mixed, color:mixed, color:pink, color:white-ivory, occasion:sympathy, customer:retail-shopper, customer:corporate, format:standing-spray, season:year-round, type:sympathy-arrangement, price-status:placeholder, image-status:required, content-status:reviewed","Delivery to homes, churches, or funeral homes across Kingston & St. Andrew can be arranged; timing is coordinated with the service and subject to availability.",Corporate and funeral-home accounts can arrange recurring tribute orders; contact us to set up trade terms.,Colour blend and blooms may vary with seasonal availability.,"Keep the easel upright in a cool, shaded place away from heat until the service.",[CLIENT CONFIRMATION REQUIRED],ribbon banner wording|preferred colour emphasis,DRAFT_PENDING_REVIEW,draft
sympathy-wreath-ivory-greenery,TNG-SYM-003,sympathy,Sympathy Wreath — Ivory & Greenery,Sympathy Arrangement,,both,wreath,chrysanthemum,white-ivory|green,sympathy,retail-shopper|corporate,year-round,easy,4-6 days,,,arrangement,1,(single),,1,Default=240.00,REPLACE_BEFORE_PUBLISHING,REQUIRED,products/sympathy-wreath-ivory-greenery-1200x1500.jpg,"Sympathy Wreath — Ivory & Greenery — The New Greenhouse, Kingston Jamaica",White and Ivory|Green|Sympathy and Funeral|Bulk Flowers,"channel:retail, channel:wholesale, flower:chrysanthemum, color:white-ivory, color:green, occasion:sympathy, customer:retail-shopper, customer:corporate, format:wreath, season:year-round, type:sympathy-arrangement, price-status:placeholder, image-status:required, content-status:reviewed","Delivery to homes, churches, or funeral homes across Kingston & St. Andrew can be arranged; timing is coordinated with the service and subject to availability.",Corporate and funeral-home accounts can arrange wreaths for recurring services; contact us for trade terms.,Ivory bloom varieties may vary with seasonal availability.,"Keep the wreath flat or upright in a cool, shaded place away from heat until the service.",[CLIENT CONFIRMATION REQUIRED],easel or stand needed|service date and venue,DRAFT_PENDING_REVIEW,draft
casket-spray-full-ivory,TNG-SYM-004,sympathy,Casket Spray — Full Ivory,Sympathy Arrangement,,both,casket-spray,rose,white-ivory|green,sympathy,retail-shopper|corporate,year-round,easy,4-6 days,,,arrangement,1,(single),,1,Default=240.00,REPLACE_BEFORE_PUBLISHING,REQUIRED,products/casket-spray-full-ivory-1200x1500.jpg,"Casket Spray — Full Ivory — The New Greenhouse, Kingston Jamaica",Roses|White and Ivory|Green|Sympathy and Funeral|Bulk Flowers|Wholesale Roses,"channel:retail, channel:wholesale, flower:rose, color:white-ivory, color:green, occasion:sympathy, customer:retail-shopper, customer:corporate, format:casket-spray, season:year-round, type:sympathy-arrangement, price-status:placeholder, image-status:required, content-status:reviewed","Delivery to homes, churches, or funeral homes across Kingston & St. Andrew can be arranged; timing is coordinated with the service and subject to availability.",Funeral-home and corporate accounts can pre-arrange casket tributes; contact us to set up trade terms.,Ivory bloom varieties may vary with seasonal availability while keeping the full form.,"Keep flat in a cool, shaded place away from direct sun and heat until the service.",[CLIENT CONFIRMATION REQUIRED],casket size|service date and venue,DRAFT_PENDING_REVIEW,draft
peaceful-whites-hand-tied-bouquet,TNG-SYM-005,sympathy,Peaceful Whites Hand-Tied Bouquet,Sympathy Arrangement,,retail,bouquet,rose,white-ivory|green,sympathy,retail-shopper|corporate,year-round,easy,5-7 days,,,arrangement,1,Size,,3,Standard=110.00; Deluxe=160.00; Premium=220.00,REPLACE_BEFORE_PUBLISHING,REQUIRED,products/peaceful-whites-hand-tied-bouquet-1200x1500.jpg,"Peaceful Whites Hand-Tied Bouquet — The New Greenhouse, Kingston Jamaica",Roses|White and Ivory|Green|Sympathy and Funeral,"channel:retail, flower:rose, color:white-ivory, color:green, occasion:sympathy, customer:retail-shopper, customer:corporate, format:bouquet, season:year-round, type:sympathy-arrangement, price-status:placeholder, image-status:required, content-status:reviewed","Delivery to homes, churches, or funeral homes across Kingston & St. Andrew can be arranged; timing is coordinated with the family and subject to availability.",,White bloom varieties may vary with seasonal availability.,"Trim the stems on arrival, place in fresh water, and refresh the water every two to three days.",[CLIENT CONFIRMATION REQUIRED],card message wording,DRAFT_PENDING_REVIEW,draft
serene-sympathy-bouquet,TNG-SYM-006,sympathy,Serene Sympathy Bouquet,Sympathy Arrangement,,retail,bouquet,mixed,white-ivory|pink,sympathy,retail-shopper|corporate,year-round,easy,5-7 days,,,arrangement,1,Size,,3,Standard=110.00; Deluxe=160.00; Premium=220.00,REPLACE_BEFORE_PUBLISHING,REQUIRED,products/serene-sympathy-bouquet-1200x1500.jpg,"Serene Sympathy Bouquet — The New Greenhouse, Kingston Jamaica",White and Ivory|Pink|Sympathy and Funeral,"channel:retail, flower:mixed, color:white-ivory, color:pink, occasion:sympathy, customer:retail-shopper, customer:corporate, format:bouquet, season:year-round, type:sympathy-arrangement, price-status:placeholder, image-status:required, content-status:reviewed","Delivery to homes, churches, or funeral homes across Kingston & St. Andrew can be arranged; timing is coordinated with the family and subject to availability.",,Colour blend and blooms may vary with seasonal availability.,"Trim the stems on arrival, place in clean water, and change the water every two to three days.",[CLIENT CONFIRMATION REQUIRED],card message wording|preferred colour emphasis,DRAFT_PENDING_REVIEW,draft
tribute-basket-arrangement,TNG-SYM-007,sympathy,Tribute Basket Arrangement,Sympathy Arrangement,,both,arrangement,lily,white-ivory|green,sympathy,retail-shopper|corporate,year-round,easy,5-7 days,,,arrangement,1,Size,,3,Standard=110.00; Deluxe=160.00; Premium=220.00,REPLACE_BEFORE_PUBLISHING,REQUIRED,products/tribute-basket-arrangement-1200x1500.jpg,"Tribute Basket Arrangement — The New Greenhouse, Kingston Jamaica",Lilies|White and Ivory|Green|Sympathy and Funeral|Bulk Flowers,"channel:retail, channel:wholesale, flower:lily, color:white-ivory, color:green, occasion:sympathy, customer:retail-shopper, customer:corporate, format:arrangement, season:year-round, type:sympathy-arrangement, price-status:placeholder, image-status:required, content-status:reviewed","Delivery to homes, churches, or funeral homes across Kingston & St. Andrew can be arranged; timing is coordinated with the family and subject to availability.",Corporate accounts can arrange tribute baskets for staff and client condolences; contact us for trade terms.,Bloom varieties may vary with seasonal availability while keeping the soft palette.,Add a little water to keep the floral foam moist and keep the basket out of direct sunlight and heat.,[CLIENT CONFIRMATION REQUIRED],card message wording,DRAFT_PENDING_REVIEW,draft
memorial-vase-arrangement,TNG-SYM-008,sympathy,Memorial Vase Arrangement,Sympathy Arrangement,,both,arrangement,lily,white-ivory|green,sympathy,retail-shopper|corporate,year-round,easy,5-7 days,,,arrangement,1,Size,,3,Standard=110.00; Deluxe=160.00; Premium=220.00,REPLACE_BEFORE_PUBLISHING,REQUIRED,products/memorial-vase-arrangement-1200x1500.jpg,"Memorial Vase Arrangement — The New Greenhouse, Kingston Jamaica",Lilies|White and Ivory|Green|Sympathy and Funeral|Bulk Flowers,"channel:retail, channel:wholesale, flower:lily, color:white-ivory, color:green, occasion:sympathy, customer:retail-shopper, customer:corporate, format:arrangement, season:year-round, type:sympathy-arrangement, price-status:placeholder, image-status:required, content-status:reviewed","Delivery to homes, churches, or funeral homes across Kingston & St. Andrew can be arranged; timing is coordinated with the family and subject to availability.",Corporate accounts can arrange memorial arrangements for condolences; contact us for trade terms.,White bloom varieties and vase style may vary with seasonal availability.,Keep the vase topped up with fresh water and place away from direct sunlight and heat.,[CLIENT CONFIRMATION REQUIRED],card message wording,DRAFT_PENDING_REVIEW,draft
bridal-bouquet-ivory-garden,TNG-WED-001,weddings,Bridal Bouquet — Ivory Garden,Wedding Flowers,,both,bouquet,garden-rose,white-ivory|green,wedding,retail-shopper|event-planner,seasonal,moderate,1-2 days at peak,,,arrangement,1,(single),,1,Default=150.00,REPLACE_BEFORE_PUBLISHING,REQUIRED,products/bridal-bouquet-ivory-garden-1200x1500.jpg,"Bridal Bouquet — Ivory Garden — The New Greenhouse, Kingston Jamaica",Roses|White and Ivory|Green|Wedding Flowers|Bridal Bouquets|Bulk Flowers,"channel:retail, channel:wholesale, flower:garden-rose, color:white-ivory, color:green, occasion:wedding, customer:retail-shopper, customer:event-planner, format:bouquet, season:seasonal, type:wedding-flowers, price-status:placeholder, image-status:required, content-status:reviewed",Wedding orders are scheduled and delivered to your venue by arrangement; timing confirmed during planning.,,Final flowers are selected for freshness on the day; seasonal substitution of similar blooms and tones may apply.,"Keep the bouquet cool, hydrated and lightly misted until the ceremony, and rest stems in water whenever it is set down.",[CLIENT CONFIRMATION REQUIRED],final stem selection|wedding date|ribbon and wrap finish,DRAFT_PENDING_REVIEW,draft
bridal-bouquet-cascading-blush,TNG-WED-002,weddings,Bridal Bouquet — Cascading Blush,Wedding Flowers,,both,bouquet,rose,pink|green,wedding,retail-shopper|event-planner,seasonal,moderate,1-2 days at peak,,,arrangement,1,(single),,1,Default=150.00,REPLACE_BEFORE_PUBLISHING,REQUIRED,products/bridal-bouquet-cascading-blush-1200x1500.jpg,"Bridal Bouquet — Cascading Blush — The New Greenhouse, Kingston Jamaica",Roses|Pink|Green|Wedding Flowers|Bridal Bouquets|Bulk Flowers|Wholesale Roses,"channel:retail, channel:wholesale, flower:rose, color:pink, color:green, occasion:wedding, customer:retail-shopper, customer:event-planner, format:bouquet, season:seasonal, type:wedding-flowers, price-status:placeholder, image-status:required, content-status:reviewed",Wedding orders are scheduled and delivered to your venue by arrangement; timing confirmed during planning.,,Final blooms are chosen for freshness on the day; seasonal substitution of similar flowers and tones may apply.,"Keep cool and upright, mist lightly and return stems to water between photos to protect the trailing greenery.",[CLIENT CONFIRMATION REQUIRED],final stem selection|wedding date|cascade length and ribbon finish,DRAFT_PENDING_REVIEW,draft
bridesmaid-bouquet,TNG-WED-003,weddings,Bridesmaid Bouquet,Wedding Flowers,,both,bouquet,mixed,mixed,wedding,retail-shopper|event-planner,seasonal,moderate,1-2 days at peak,,,arrangement,1,(single),,1,Default=150.00,REPLACE_BEFORE_PUBLISHING,REQUIRED,products/bridesmaid-bouquet-1200x1500.jpg,"Bridesmaid Bouquet — The New Greenhouse, Kingston Jamaica",Mixed Color|Wedding Flowers|Bulk Flowers,"channel:retail, channel:wholesale, flower:mixed, color:mixed, occasion:wedding, customer:retail-shopper, customer:event-planner, format:bouquet, season:seasonal, type:wedding-flowers, price-status:placeholder, image-status:required, content-status:reviewed",Wedding orders are scheduled and delivered to your venue by arrangement; timing confirmed during planning.,,Final flowers are selected for freshness on the day; seasonal substitution of similar blooms and tones may apply.,"Keep bouquets cool and standing in a little water until they are needed, and mist lightly in warm weather.",[CLIENT CONFIRMATION REQUIRED],final stem selection|guest count / quantities|colour match to bridal bouquet,DRAFT_PENDING_REVIEW,draft
low-reception-centerpiece,TNG-WED-004,weddings,Low Reception Centerpiece,Wedding Flowers,,both,centerpiece,mixed,mixed,wedding,retail-shopper|event-planner,seasonal,moderate,2-3 days,,,arrangement,1,Size,,2,Classic=85.00; Grand=130.00,REPLACE_BEFORE_PUBLISHING,REQUIRED,products/low-reception-centerpiece-1200x1500.jpg,"Low Reception Centerpiece — The New Greenhouse, Kingston Jamaica",Mixed Color|Wedding Flowers|Centerpieces|Bulk Flowers,"channel:retail, channel:wholesale, flower:mixed, color:mixed, occasion:wedding, customer:retail-shopper, customer:event-planner, format:centerpiece, season:seasonal, type:wedding-flowers, price-status:placeholder, image-status:required, content-status:reviewed",Reception flowers are delivered and set to your venue by arrangement; setup timing is confirmed during planning.,,Final flowers are selected for freshness on the day; seasonal substitution of similar blooms and tones may apply.,"Keep the centerpiece out of direct sun and away from air vents, and top up the water shortly before the reception begins.",[CLIENT CONFIRMATION REQUIRED],final stem selection|guest count / quantities|vessel and table dimensions,DRAFT_PENDING_REVIEW,draft
elevated-reception-centerpiece,TNG-WED-005,weddings,Elevated Reception Centerpiece,Wedding Flowers,,both,centerpiece,mixed,mixed,wedding,retail-shopper|event-planner,seasonal,moderate,2-3 days,,,arrangement,1,Size,,2,Classic=85.00; Grand=130.00,REPLACE_BEFORE_PUBLISHING,REQUIRED,products/elevated-reception-centerpiece-1200x1500.jpg,"Elevated Reception Centerpiece — The New Greenhouse, Kingston Jamaica",Mixed Color|Wedding Flowers|Centerpieces|Bulk Flowers,"channel:retail, channel:wholesale, flower:mixed, color:mixed, occasion:wedding, customer:retail-shopper, customer:event-planner, format:centerpiece, season:seasonal, type:wedding-flowers, price-status:placeholder, image-status:required, content-status:reviewed",Reception flowers are delivered and set to your venue by arrangement; setup timing is confirmed during planning.,,Final flowers are selected for freshness on the day; seasonal substitution of similar blooms and tones may apply.,"Set the arrangement on a stable, level surface out of direct sun and top up the water reservoir before guests are seated.",[CLIENT CONFIRMATION REQUIRED],final stem selection|guest count / quantities|stand height and venue clearance,DRAFT_PENDING_REVIEW,draft
ceremony-aisle-arch-arrangement,TNG-WED-006,weddings,Ceremony Aisle & Arch Arrangement,Wedding Flowers,,both,arrangement,mixed,mixed,wedding,retail-shopper|event-planner,seasonal,moderate,1-2 days at peak,,,arrangement,1,(single),,1,Default=110.00,REPLACE_BEFORE_PUBLISHING,REQUIRED,products/ceremony-aisle-arch-arrangement-1200x1500.jpg,"Ceremony Aisle & Arch Arrangement — The New Greenhouse, Kingston Jamaica",Mixed Color|Wedding Flowers|Bulk Flowers,"channel:retail, channel:wholesale, flower:mixed, color:mixed, occasion:wedding, customer:retail-shopper, customer:event-planner, format:arrangement, season:seasonal, type:wedding-flowers, price-status:placeholder, image-status:required, content-status:reviewed",Ceremony flowers are delivered and installed on site by arrangement; access and setup timing are confirmed during planning.,,Final flowers are selected for freshness on the day; seasonal substitution of similar blooms and tones may apply.,Ceremony pieces are installed on site and kept shaded and hydrated until the processional begins.,[CLIENT CONFIRMATION REQUIRED],final stem selection|guest count / quantities|arch or structure dimensions and venue access,DRAFT_PENDING_REVIEW,draft
sweetheart-table-arrangement,TNG-WED-007,weddings,Sweetheart Table Arrangement,Wedding Flowers,,both,arrangement,mixed,mixed,wedding,retail-shopper|event-planner,seasonal,moderate,2-3 days,,,arrangement,1,(single),,1,Default=110.00,REPLACE_BEFORE_PUBLISHING,REQUIRED,products/sweetheart-table-arrangement-1200x1500.jpg,"Sweetheart Table Arrangement — The New Greenhouse, Kingston Jamaica",Mixed Color|Wedding Flowers|Bulk Flowers,"channel:retail, channel:wholesale, flower:mixed, color:mixed, occasion:wedding, customer:retail-shopper, customer:event-planner, format:arrangement, season:seasonal, type:wedding-flowers, price-status:placeholder, image-status:required, content-status:reviewed",Reception flowers are delivered and set to your venue by arrangement; setup timing is confirmed during planning.,,Final flowers are selected for freshness on the day; seasonal substitution of similar blooms and tones may apply.,"Keep the arrangement cool until setup, position it out of direct sun and mist lightly in warm rooms.",[CLIENT CONFIRMATION REQUIRED],final stem selection|table length and layout|arrangement or garland format,DRAFT_PENDING_REVIEW,draft
intimate-wedding-flower-package,TNG-WED-008,weddings,Intimate Wedding Flower Package,Wedding Flowers,,both,arrangement,mixed,mixed,wedding,retail-shopper|event-planner,seasonal,moderate,1-3 days depending on piece,,,arrangement,1,(single),,1,Default=950.00,REPLACE_BEFORE_PUBLISHING,REQUIRED,products/intimate-wedding-flower-package-1200x1500.jpg,"Intimate Wedding Flower Package — The New Greenhouse, Kingston Jamaica",Mixed Color|Wedding Flowers|Bulk Flowers|Wrapping and Packaging,"channel:retail, channel:wholesale, flower:mixed, color:mixed, occasion:wedding, customer:retail-shopper, customer:event-planner, format:arrangement, season:seasonal, type:wedding-flowers, price-status:placeholder, image-status:required, content-status:reviewed",Package flowers are delivered and set to your venue by arrangement; delivery and setup timing are confirmed during planning.,,Final flowers are selected for freshness on the day; seasonal substitution of similar blooms and tones may apply.,"Keep bouquets and centerpieces cool and hydrated until they are needed, and top up centerpiece water before the reception.",[CLIENT CONFIRMATION REQUIRED],final stem selection|guest count / quantities|package contents and add-ons,DRAFT_PENDING_REVIEW,draft
wet-floral-foam-bricks,TNG-SUP-001,supplies,Wet Floral Foam Bricks,Floral Supply,,both,supply,none,green,,florist|event-planner|retail-shopper,year-round,n/a,,,,each,1 pack (6 bricks),Pack Quantity,,3,6=21.00; 12=30.00; 24=54.00,REPLACE_BEFORE_PUBLISHING,REQUIRED,products/wet-floral-foam-bricks-1200x1500.jpg,"Wet Floral Foam Bricks — The New Greenhouse, Kingston Jamaica",Green|Bulk Flowers|Florist Essentials|Floral Supplies,"channel:retail, channel:wholesale, color:green, customer:florist, customer:event-planner, customer:retail-shopper, format:supply, supply:foam, season:year-round, type:floral-supply, price-status:placeholder, image-status:required, content-status:reviewed",Available for store pickup in Kingston. Same-day delivery may be available across Kingston & St. Andrew for orders placed before 2PM.,Bulk pack pricing for florists and event planners; contact us for case quantities on standing orders.,Subject to seasonal availability.,Soak bricks in water until fully saturated before inserting stems; do not press foam down into water as this creates dry pockets.,[CLIENT CONFIRMATION REQUIRED],exact brick dimensions|case quantity for bulk orders,DRAFT_PENDING_REVIEW,draft
glass-cylinder-vase,TNG-SUP-002,supplies,Glass Cylinder Vase,Floral Supply,,both,supply,none,white-ivory,,florist|event-planner|retail-shopper,year-round,n/a,,,,each,1,Size,,3,Small=22.00; Medium=30.00; Large=42.00,REPLACE_BEFORE_PUBLISHING,REQUIRED,products/glass-cylinder-vase-1200x1500.jpg,"Glass Cylinder Vase — The New Greenhouse, Kingston Jamaica",White and Ivory|Bulk Flowers|Florist Essentials|Floral Supplies|Vases and Containers,"channel:retail, channel:wholesale, color:white-ivory, customer:florist, customer:event-planner, customer:retail-shopper, format:supply, supply:vase, season:year-round, type:floral-supply, price-status:placeholder, image-status:required, content-status:reviewed",Available for store pickup in Kingston. Same-day delivery may be available across Kingston & St. Andrew for orders placed before 2PM.,Case quantities available for event planners and hotels; ask about bulk pricing for centrepiece sets.,Subject to seasonal availability.,Hand wash with warm soapy water and dry to avoid water spots; handle with care as glass can chip at the rim.,[CLIENT CONFIRMATION REQUIRED],exact vase dimensions per size|glass thickness,DRAFT_PENDING_REVIEW,draft
bud-vase-set,TNG-SUP-003,supplies,Bud Vase Set,Floral Supply,,both,supply,none,white-ivory,,florist|event-planner|retail-shopper,year-round,n/a,,,,each,1 set (6 vases),Pack Quantity,,2,Set of 6=12.00; Set of 12=20.50,REPLACE_BEFORE_PUBLISHING,REQUIRED,products/bud-vase-set-1200x1500.jpg,"Bud Vase Set — The New Greenhouse, Kingston Jamaica",White and Ivory|Bulk Flowers|Florist Essentials|Floral Supplies|Vases and Containers,"channel:retail, channel:wholesale, color:white-ivory, customer:florist, customer:event-planner, customer:retail-shopper, format:supply, supply:vase, season:year-round, type:floral-supply, price-status:placeholder, image-status:required, content-status:reviewed",Available for store pickup in Kingston. Same-day delivery may be available across Kingston & St. Andrew for orders placed before 2PM.,Multi-set pricing for event planners styling long tables; ask about quantities for full receptions.,Subject to seasonal availability.,Hand wash and dry between uses; the narrow necks are best cleaned with a small bottle brush.,[CLIENT CONFIRMATION REQUIRED],exact vase height|vases per set,DRAFT_PENDING_REVIEW,draft
satin-ribbon,TNG-SUP-004,supplies,Satin Ribbon,Floral Supply,,both,supply,none,mixed,,florist|event-planner|retail-shopper,year-round,n/a,,,,each,1 roll,Color,,3,Ivory=12.00; Champagne Gold=12.00; Black=12.00,REPLACE_BEFORE_PUBLISHING,REQUIRED,products/satin-ribbon-1200x1500.jpg,"Satin Ribbon — The New Greenhouse, Kingston Jamaica",Mixed Color|Bulk Flowers|Florist Essentials|Floral Supplies|Ribbon,"channel:retail, channel:wholesale, color:mixed, customer:florist, customer:event-planner, customer:retail-shopper, format:supply, supply:ribbon, season:year-round, type:floral-supply, price-status:placeholder, image-status:required, content-status:reviewed",Available for store pickup in Kingston. Same-day delivery may be available across Kingston & St. Andrew for orders placed before 2PM.,Trade pricing on multiple rolls for florists and event stylists; ask about full-colour bundles.,Subject to seasonal availability.,Store rolls away from direct sun to protect colour; trim ends on the diagonal to prevent fraying.,[CLIENT CONFIRMATION REQUIRED],exact ribbon width and roll length,DRAFT_PENDING_REVIEW,draft
organza-ribbon,TNG-SUP-005,supplies,Organza Ribbon,Floral Supply,,both,supply,none,mixed,,florist|event-planner|retail-shopper,year-round,n/a,,,,each,1 roll,Color,,3,Ivory=12.00; Blush=12.00; Sage=12.00,REPLACE_BEFORE_PUBLISHING,REQUIRED,products/organza-ribbon-1200x1500.jpg,"Organza Ribbon — The New Greenhouse, Kingston Jamaica",Mixed Color|Bulk Flowers|Florist Essentials|Floral Supplies|Ribbon,"channel:retail, channel:wholesale, color:mixed, customer:florist, customer:event-planner, customer:retail-shopper, format:supply, supply:ribbon, season:year-round, type:floral-supply, price-status:placeholder, image-status:required, content-status:reviewed",Available for store pickup in Kingston. Same-day delivery may be available across Kingston & St. Andrew for orders placed before 2PM.,Trade pricing on multiple rolls for wedding florists and event planners; bundle across colours to save.,Subject to seasonal availability.,Keep rolls away from moisture and direct sun; the sheer weave presses smooth with a cool iron if creased.,[CLIENT CONFIRMATION REQUIRED],exact ribbon width and roll length,DRAFT_PENDING_REVIEW,draft
kraft-cellophane-wrap,TNG-SUP-006,supplies,Kraft & Cellophane Wrap,Floral Supply,,both,supply,none,white-ivory,,florist|event-planner|retail-shopper,year-round,n/a,,,,each,1 pack (25 sheets),Pack Quantity,,2,25 sheets=12.00; 50 sheets=21.50,REPLACE_BEFORE_PUBLISHING,REQUIRED,products/kraft-cellophane-wrap-1200x1500.jpg,"Kraft & Cellophane Wrap — The New Greenhouse, Kingston Jamaica",White and Ivory|Bulk Flowers|Florist Essentials|Floral Supplies|Wrapping and Packaging,"channel:retail, channel:wholesale, color:white-ivory, customer:florist, customer:event-planner, customer:retail-shopper, format:supply, supply:wrap, season:year-round, type:floral-supply, price-status:placeholder, image-status:required, content-status:reviewed",Available for store pickup in Kingston. Same-day delivery may be available across Kingston & St. Andrew for orders placed before 2PM.,Bulk sheet pricing for florists with steady wrapping needs; ask about standing orders.,Subject to seasonal availability.,Store sheets flat and dry to prevent creasing; keep kraft paper away from moisture until use.,[CLIENT CONFIRMATION REQUIRED],exact sheet dimensions|kraft to cellophane ratio per pack,DRAFT_PENDING_REVIEW,draft
woven-arrangement-basket,TNG-SUP-007,supplies,Woven Arrangement Basket,Floral Supply,,both,supply,none,yellow-orange,,florist|event-planner|retail-shopper,year-round,n/a,,,,each,1,Size,,3,Small=22.00; Medium=30.00; Large=42.00,REPLACE_BEFORE_PUBLISHING,REQUIRED,products/woven-arrangement-basket-1200x1500.jpg,"Woven Arrangement Basket — The New Greenhouse, Kingston Jamaica",Yellow and Orange|Bulk Flowers|Florist Essentials|Floral Supplies|Vases and Containers,"channel:retail, channel:wholesale, color:yellow-orange, customer:florist, customer:event-planner, customer:retail-shopper, format:supply, supply:basket, season:year-round, type:floral-supply, price-status:placeholder, image-status:required, content-status:reviewed",Available for store pickup in Kingston. Same-day delivery may be available across Kingston & St. Andrew for orders placed before 2PM.,Case pricing for florists building gift ranges; ask about mixed-size bundles for the season.,Subject to seasonal availability.,Always line the base before adding wet foam to protect the weave; wipe clean and dry fully to avoid mildew.,[CLIENT CONFIRMATION REQUIRED],exact basket dimensions per size|handle height,DRAFT_PENDING_REVIEW,draft
floral-stem-tape,TNG-SUP-008,supplies,Floral Stem Tape,Floral Supply,,both,supply,none,green,,florist|event-planner|retail-shopper,year-round,n/a,,,,each,1 roll,Color,,2,Green=12.00; White=12.00,REPLACE_BEFORE_PUBLISHING,REQUIRED,products/floral-stem-tape-1200x1500.jpg,"Floral Stem Tape — The New Greenhouse, Kingston Jamaica",Green|Bulk Flowers|Florist Essentials|Floral Supplies|Tools and Accessories,"channel:retail, channel:wholesale, color:green, customer:florist, customer:event-planner, customer:retail-shopper, format:supply, supply:tape, season:year-round, type:floral-supply, price-status:placeholder, image-status:required, content-status:reviewed",Available for store pickup in Kingston. Same-day delivery may be available across Kingston & St. Andrew for orders placed before 2PM.,Trade pricing on multi-roll packs for florists; ask about case quantities for wedding season.,Subject to seasonal availability.,"Stretch the tape gently as you wrap to activate the seal; store rolls in a cool, dry place so they stay tacky.",[CLIENT CONFIRMATION REQUIRED],exact tape width and roll length,DRAFT_PENDING_REVIEW,draft
florist-shears-snips,TNG-SUP-009,supplies,Florist Shears & Snips,Floral Supply,,both,supply,none,green,,florist|event-planner|retail-shopper,year-round,n/a,,,,each,1 set,(single),,1,Default=60.00,REPLACE_BEFORE_PUBLISHING,REQUIRED,products/florist-shears-snips-1200x1500.jpg,"Florist Shears & Snips — The New Greenhouse, Kingston Jamaica",Green|Bulk Flowers|Florist Essentials|Floral Supplies|Tools and Accessories,"channel:retail, channel:wholesale, color:green, customer:florist, customer:event-planner, customer:retail-shopper, format:supply, supply:tools, season:year-round, type:floral-supply, price-status:placeholder, image-status:required, content-status:reviewed",Available for store pickup in Kingston. Same-day delivery may be available across Kingston & St. Andrew for orders placed before 2PM.,Trade pricing for florists kitting out a studio or replacing worn tools; ask about multi-set orders.,Subject to seasonal availability.,Wipe blades clean and dry after each use to prevent sap build-up and rust; oil the pivot occasionally to keep the action smooth.,[CLIENT CONFIRMATION REQUIRED],blade length and material grade|whether shears and snips ship together or separately,DRAFT_PENDING_REVIEW,draft
bouquet-presentation-boxes,TNG-SUP-010,supplies,Bouquet Presentation Boxes,Floral Supply,,both,supply,none,white-ivory,,florist|event-planner|retail-shopper,year-round,n/a,,,,each,1 pack (10 boxes),Pack Quantity,,2,10=27.00; 25=48.00,REPLACE_BEFORE_PUBLISHING,REQUIRED,products/bouquet-presentation-boxes-1200x1500.jpg,"Bouquet Presentation Boxes — The New Greenhouse, Kingston Jamaica",White and Ivory|Bulk Flowers|Florist Essentials|Floral Supplies|Wrapping and Packaging,"channel:retail, channel:wholesale, color:white-ivory, customer:florist, customer:event-planner, customer:retail-shopper, format:supply, supply:box, season:year-round, type:floral-supply, price-status:placeholder, image-status:required, content-status:reviewed",Available for store pickup in Kingston. Same-day delivery may be available across Kingston & St. Andrew for orders placed before 2PM.,Bulk pack pricing for florists and corporate gifting programmes; ask about branded or larger volume orders.,Subject to seasonal availability.,Line the base before adding wet foam to keep boxes water-safe; store flat-packed or upright in a dry place.,[CLIENT CONFIRMATION REQUIRED],exact box dimensions|whether boxes ship flat-packed|available colours,DRAFT_PENDING_REVIEW,draft
peace-lily-plant,TNG-PLT-001,plants,Peace Lily Plant,Plant,,both,plant,none,white-ivory|green,sympathy|get-well|corporate,retail-shopper|corporate,year-round,easy,,,,each,1,Pot Size,,3,Small=45.00; Medium=70.00; Large=110.00,REPLACE_BEFORE_PUBLISHING,REQUIRED,products/peace-lily-plant-1200x1500.jpg,"Peace Lily Plant — The New Greenhouse, Kingston Jamaica",White and Ivory|Green|Sympathy and Funeral|Get Well|Corporate Gifting|Bulk Flowers|Plants|Corporate Gifts,"channel:retail, channel:wholesale, color:white-ivory, color:green, occasion:sympathy, occasion:get-well, occasion:corporate, customer:retail-shopper, customer:corporate, format:plant, season:year-round, type:plant, price-status:placeholder, image-status:required, content-status:reviewed",Same-day delivery may be available across Kingston & St. Andrew for orders placed before 2PM.,,Plant size and pot finish are subject to seasonal availability.,"Place in bright, indirect light and keep the soil lightly moist, watering when the top inch feels dry. Drooping leaves mean it is thirsty and recover quickly after watering.",[CLIENT CONFIRMATION REQUIRED],,DRAFT_PENDING_REVIEW,draft
snake-plant-sansevieria,TNG-PLT-002,plants,Snake Plant (Sansevieria),Plant,,both,plant,none,green|yellow-orange,corporate|everyday,retail-shopper|corporate,year-round,easy,,,,each,1,Pot Size,,3,Small=45.00; Medium=70.00; Large=110.00,REPLACE_BEFORE_PUBLISHING,REQUIRED,products/snake-plant-sansevieria-1200x1500.jpg,"Snake Plant (Sansevieria) — The New Greenhouse, Kingston Jamaica",Yellow and Orange|Green|Corporate Gifting|Bulk Flowers|Plants|Corporate Gifts,"channel:retail, channel:wholesale, color:green, color:yellow-orange, occasion:corporate, occasion:everyday, customer:retail-shopper, customer:corporate, format:plant, season:year-round, type:plant, price-status:placeholder, image-status:required, content-status:reviewed",Same-day delivery may be available across Kingston & St. Andrew for orders placed before 2PM.,,Plant height and pot finish are subject to seasonal availability.,"Give bright, indirect light where possible, though it tolerates low light. Water sparingly and let the soil dry out completely between waterings to avoid root rot.",[CLIENT CONFIRMATION REQUIRED],,DRAFT_PENDING_REVIEW,draft
phalaenopsis-orchid-plant,TNG-PLT-003,plants,Phalaenopsis Orchid Plant,Plant,,both,plant,orchid,white-ivory,corporate|congratulations|everyday,retail-shopper|corporate,year-round,moderate,,,,each,1,Presentation,,2,Standard=65.00; Premium Wrap=85.00,REPLACE_BEFORE_PUBLISHING,REQUIRED,products/phalaenopsis-orchid-plant-1200x1500.jpg,"Phalaenopsis Orchid Plant — The New Greenhouse, Kingston Jamaica",Orchids|White and Ivory|Congratulations|Corporate Gifting|Bulk Flowers|Plants|Corporate Gifts,"channel:retail, channel:wholesale, flower:orchid, color:white-ivory, occasion:corporate, occasion:congratulations, occasion:everyday, customer:retail-shopper, customer:corporate, format:plant, season:year-round, type:plant, price-status:placeholder, image-status:required, content-status:reviewed",Same-day delivery may be available across Kingston & St. Andrew for orders placed before 2PM.,,Bloom count and stem number vary by plant and are subject to seasonal availability.,"Keep in bright, indirect light away from direct sun and drafts. Water about once a week, letting excess drain fully so the roots never sit in standing water.",[CLIENT CONFIRMATION REQUIRED],,DRAFT_PENDING_REVIEW,draft
fruit-flower-gift-basket,TNG-PLT-004,plants,Fruit & Flower Gift Basket,Gift Basket,,both,gift-basket,mixed,mixed,get-well|congratulations|corporate|new-baby,retail-shopper|corporate,year-round,n/a,,,,each,1,Size,,2,Classic=85.00; Grand=130.00,REPLACE_BEFORE_PUBLISHING,REQUIRED,products/fruit-flower-gift-basket-1200x1500.jpg,"Fruit & Flower Gift Basket — The New Greenhouse, Kingston Jamaica",Mixed Color|Congratulations|New Baby|Get Well|Corporate Gifting|Bulk Flowers|Gift Baskets|Corporate Gifts,"channel:retail, channel:wholesale, flower:mixed, color:mixed, occasion:get-well, occasion:congratulations, occasion:corporate, occasion:new-baby, customer:retail-shopper, customer:corporate, format:gift-basket, season:year-round, type:gift-basket, price-status:placeholder, image-status:required, content-status:reviewed",Same-day delivery may be available across Kingston & St. Andrew for orders placed before 2PM.,,Exact fruit varieties and flowers are subject to seasonal availability and may be substituted for equivalent quality.,Keep fruit cool and enjoy within a few days of delivery. Trim flower stems and refresh the water to help the blooms last.,[CLIENT CONFIRMATION REQUIRED],exact basket contents,DRAFT_PENDING_REVIEW,draft
belgian-chocolates-add-on,TNG-PLT-005,plants,Belgian Chocolates Add-on,Gift Add-on,,both,addon,none,mixed,everyday,retail-shopper,year-round,n/a,,,,each,1,(single),,1,Default=20.00,REPLACE_BEFORE_PUBLISHING,REQUIRED,products/belgian-chocolates-add-on-1200x1500.jpg,"Belgian Chocolates Add-on — The New Greenhouse, Kingston Jamaica",Mixed Color|Bulk Flowers|Add-ons,"channel:retail, channel:wholesale, color:mixed, occasion:everyday, customer:retail-shopper, format:addon, season:year-round, type:gift-add-on, price-status:placeholder, image-status:required, content-status:reviewed",Included with your flowers. Same-day delivery may be available across Kingston & St. Andrew for orders placed before 2PM.,,Chocolate brand and assortment are subject to availability and may be substituted for an equivalent.,"Store in a cool, dry place away from direct sunlight and enjoy by the best-before date on the box.",[CLIENT CONFIRMATION REQUIRED],,DRAFT_PENDING_REVIEW,draft
plush-teddy-bear-add-on,TNG-PLT-006,plants,Plush Teddy Bear Add-on,Gift Add-on,,both,addon,none,mixed,new-baby|birthday|get-well,retail-shopper,year-round,n/a,,,,each,1,Size,,2,Small=15.00; Large=30.00,REPLACE_BEFORE_PUBLISHING,REQUIRED,products/plush-teddy-bear-add-on-1200x1500.jpg,"Plush Teddy Bear Add-on — The New Greenhouse, Kingston Jamaica",Mixed Color|Birthday|New Baby|Get Well|Bulk Flowers|Add-ons,"channel:retail, channel:wholesale, color:mixed, occasion:new-baby, occasion:birthday, occasion:get-well, customer:retail-shopper, format:addon, season:year-round, type:gift-add-on, price-status:placeholder, image-status:required, content-status:reviewed",Included with your flowers. Same-day delivery may be available across Kingston & St. Andrew for orders placed before 2PM.,,Bear colour and style are subject to availability and may be substituted for an equivalent.,"Surface clean with a soft, damp cloth and allow to air dry. Keep away from open flame.",[CLIENT CONFIRMATION REQUIRED],,DRAFT_PENDING_REVIEW,draft
