Handle,Title,Body (HTML),Vendor,Product Category,Type,Tags,Published,Option1 Name,Option1 Value,Option2 Name,Option2 Value,Option3 Name,Option3 Value,Variant SKU,Variant Grams,Variant Inventory Tracker,Variant Inventory Qty,Variant Inventory Policy,Variant Fulfillment Service,Variant Price,Variant Compare At Price,Variant Requires Shipping,Variant Taxable,Variant Barcode,Image Src,Image Position,Image Alt Text,Gift Card,SEO Title,SEO Description,Status
long-stem-red-roses,Long-Stem Red Roses,"<p>Deep velvet-red long-stem roses graded for premium floristry and event work. Firm, tight heads open slowly to full cupped blooms, giving designers a dependable base for bouquets, arrangements and large installations.</p><p>Boxed straight from the grower with heads protected and stems bunched for easy processing. Ideal for florists, event planners and hotels needing consistent volume for weddings and corporate flowers in Kingston.</p><ul><li><strong>Stem length:</strong> 50-70cm</li><li><strong>Bloom size:</strong> Large head, 5-6cm closed</li><li><strong>Vase life:</strong> 7-12 days conditioned</li><li><strong>Conditioning:</strong> Cut 2cm on an angle, strip lower foliage, hydrate in clean water with flower food.</li></ul>",The New Greenhouse,,Fresh Cut Flowers,"channel:retail, channel:wholesale, flower:rose, color:red, occasion:romance, occasion:anniversary, occasion:wedding, occasion:corporate, occasion:everyday, customer:florist, customer:event-planner, customer:hotel, customer:corporate, format:bulk-box, season:year-round, type:fresh-cut-flowers, price-status:placeholder, image-status:required, content-status:reviewed",FALSE,Pack Size,25 Stems,Stem Length,Standard,,,TNG-WHL-001-P25-STD,3200,shopify,0,deny,manual,45.00,,TRUE,TRUE,,,,,FALSE,Long-Stem Red Roses | Wholesale Flowers Jamaica,"Buy long-stem red roses in bulk boxes for florists and events. Wholesale flowers Kingston Jamaica, graded for weddings and corporate work.",draft
long-stem-red-roses,,,,,,,FALSE,,50 Stems,,Standard,,,TNG-WHL-001-P50-STD,3200,shopify,0,deny,manual,85.00,,TRUE,TRUE,,,,,FALSE,,,draft
long-stem-red-roses,,,,,,,FALSE,,100 Stems,,Standard,,,TNG-WHL-001-P100-STD,3200,shopify,0,deny,manual,160.00,,TRUE,TRUE,,,,,FALSE,,,draft
long-stem-red-roses,,,,,,,FALSE,,50 Stems,,Premium,,,TNG-WHL-001-P50-PRM,3200,shopify,0,deny,manual,102.00,,TRUE,TRUE,,,,,FALSE,,,draft
long-stem-red-roses,,,,,,,FALSE,,100 Stems,,Premium,,,TNG-WHL-001-P100-PRM,3200,shopify,0,deny,manual,192.00,,TRUE,TRUE,,,,,FALSE,,,draft
long-stem-ivory-roses,Long-Stem Ivory Roses,"<p>Long-stem roses in a clean ivory-cream tone that reads soft white under most lighting. A designer favourite for bridal bouquets, sympathy tributes and refined corporate installations where a neutral base is essential.</p><p>Graded for uniform head size and delivered boxed with foliage intact for easy processing. Dependable volume for florists, planners and hotels working weddings and events in Kingston and beyond.</p><ul><li><strong>Stem length:</strong> 50-70cm</li><li><strong>Bloom size:</strong> Large head, 5-6cm closed</li><li><strong>Vase life:</strong> 7-12 days conditioned</li><li><strong>Conditioning:</strong> Angle-cut, strip lower foliage, hydrate in cool clean water with flower food; guard petals may be removed for a whiter finish.</li></ul>",The New Greenhouse,,Fresh Cut Flowers,"channel:retail, channel:wholesale, flower:rose, color:white-ivory, occasion:wedding, occasion:sympathy, occasion:anniversary, occasion:corporate, occasion:everyday, customer:florist, customer:event-planner, customer:hotel, customer:corporate, format:bulk-box, season:year-round, type:fresh-cut-flowers, price-status:placeholder, image-status:required, content-status:reviewed",FALSE,Pack Size,25 Stems,Stem Length,Standard,,,TNG-WHL-002-P25-STD,3200,shopify,0,deny,manual,45.00,,TRUE,TRUE,,,,,FALSE,Long-Stem Ivory Roses | Wholesale Bridal Flowers,Ivory long-stem roses in bulk boxes for bridal and sympathy work. Wedding flowers Kingston and wholesale flowers Jamaica for the trade.,draft
long-stem-ivory-roses,,,,,,,FALSE,,50 Stems,,Standard,,,TNG-WHL-002-P50-STD,3200,shopify,0,deny,manual,85.00,,TRUE,TRUE,,,,,FALSE,,,draft
long-stem-ivory-roses,,,,,,,FALSE,,100 Stems,,Standard,,,TNG-WHL-002-P100-STD,3200,shopify,0,deny,manual,160.00,,TRUE,TRUE,,,,,FALSE,,,draft
long-stem-ivory-roses,,,,,,,FALSE,,50 Stems,,Premium,,,TNG-WHL-002-P50-PRM,3200,shopify,0,deny,manual,102.00,,TRUE,TRUE,,,,,FALSE,,,draft
long-stem-ivory-roses,,,,,,,FALSE,,100 Stems,,Premium,,,TNG-WHL-002-P100-PRM,3200,shopify,0,deny,manual,192.00,,TRUE,TRUE,,,,,FALSE,,,draft
long-stem-pink-roses,Long-Stem Pink Roses,"<p>Fresh long-stem roses in a clear mid-pink that suits romance, birthdays and baby showers alike. Tight, well-formed heads open evenly to a generous cupped bloom, giving designers reliable performance in bouquets and arrangements.</p><p>Boxed by the grower with stems bunched and foliage intact. A practical volume flower for florists and event planners handling weddings, congratulations and everyday retail in Jamaica.</p><ul><li><strong>Stem length:</strong> 50-70cm</li><li><strong>Bloom size:</strong> Large head, 5-6cm closed</li><li><strong>Vase life:</strong> 7-12 days conditioned</li><li><strong>Conditioning:</strong> Angle-cut, remove lower foliage and thorns, hydrate in clean water with flower food.</li></ul>",The New Greenhouse,,Fresh Cut Flowers,"channel:retail, channel:wholesale, flower:rose, color:pink, occasion:romance, occasion:birthday, occasion:new-baby, occasion:wedding, occasion:everyday, customer:florist, customer:event-planner, customer:hotel, customer:corporate, format:bulk-box, season:year-round, type:fresh-cut-flowers, price-status:placeholder, image-status:required, content-status:reviewed",FALSE,Pack Size,25 Stems,Stem Length,Standard,,,TNG-WHL-003-P25-STD,3200,shopify,0,deny,manual,45.00,,TRUE,TRUE,,,,,FALSE,Long-Stem Pink Roses | Bulk Flowers Jamaica,"Long-stem pink roses by the box for weddings, showers and retail. Bulk flowers Jamaica and wholesale flowers Kingston for florists.",draft
long-stem-pink-roses,,,,,,,FALSE,,50 Stems,,Standard,,,TNG-WHL-003-P50-STD,3200,shopify,0,deny,manual,85.00,,TRUE,TRUE,,,,,FALSE,,,draft
long-stem-pink-roses,,,,,,,FALSE,,100 Stems,,Standard,,,TNG-WHL-003-P100-STD,3200,shopify,0,deny,manual,160.00,,TRUE,TRUE,,,,,FALSE,,,draft
long-stem-pink-roses,,,,,,,FALSE,,50 Stems,,Premium,,,TNG-WHL-003-P50-PRM,3200,shopify,0,deny,manual,102.00,,TRUE,TRUE,,,,,FALSE,,,draft
long-stem-pink-roses,,,,,,,FALSE,,100 Stems,,Premium,,,TNG-WHL-003-P100-PRM,3200,shopify,0,deny,manual,192.00,,TRUE,TRUE,,,,,FALSE,,,draft
long-stem-yellow-roses,Long-Stem Yellow Roses,"<p>Cheerful long-stem roses in a warm, saturated yellow that holds colour well as it opens. A strong choice for congratulations, graduations and bright corporate arrangements where impact matters.</p><p>Delivered boxed and bunched from the grower for straightforward processing. Consistent stem length and head size make this a reliable trade flower for florists, planners and hotels in Kingston.</p><ul><li><strong>Stem length:</strong> 50-70cm</li><li><strong>Bloom size:</strong> Large head, 5-6cm closed</li><li><strong>Vase life:</strong> 7-11 days conditioned</li><li><strong>Conditioning:</strong> Angle-cut, remove lower foliage, hydrate in clean water with flower food; keep out of direct heat to protect colour.</li></ul>",The New Greenhouse,,Fresh Cut Flowers,"channel:retail, channel:wholesale, flower:rose, color:yellow-orange, occasion:congratulations, occasion:graduation, occasion:corporate, occasion:birthday, occasion:everyday, customer:florist, customer:event-planner, customer:hotel, customer:corporate, format:bulk-box, season:year-round, type:fresh-cut-flowers, price-status:placeholder, image-status:required, content-status:reviewed",FALSE,Pack Size,25 Stems,Stem Length,Standard,,,TNG-WHL-004-P25-STD,3200,shopify,0,deny,manual,45.00,,TRUE,TRUE,,,,,FALSE,Long-Stem Yellow Roses | Wholesale Flowers JA,"Long-stem yellow roses by the box for congratulations and corporate work. Wholesale flowers Jamaica, delivered to florists in Kingston.",draft
long-stem-yellow-roses,,,,,,,FALSE,,50 Stems,,Standard,,,TNG-WHL-004-P50-STD,3200,shopify,0,deny,manual,85.00,,TRUE,TRUE,,,,,FALSE,,,draft
long-stem-yellow-roses,,,,,,,FALSE,,100 Stems,,Standard,,,TNG-WHL-004-P100-STD,3200,shopify,0,deny,manual,160.00,,TRUE,TRUE,,,,,FALSE,,,draft
long-stem-yellow-roses,,,,,,,FALSE,,50 Stems,,Premium,,,TNG-WHL-004-P50-PRM,3200,shopify,0,deny,manual,102.00,,TRUE,TRUE,,,,,FALSE,,,draft
long-stem-yellow-roses,,,,,,,FALSE,,100 Stems,,Premium,,,TNG-WHL-004-P100-PRM,3200,shopify,0,deny,manual,192.00,,TRUE,TRUE,,,,,FALSE,,,draft
assorted-spray-roses,Assorted Spray Roses,"<p>Multi-flowering spray roses carrying several small blooms and buds on each stem, delivered in an assorted colour mix. A designer workhorse that adds movement, texture and colour transitions to bouquets, arbours and centrepieces.</p><p>Boxed and bunched by the grower, with each stem effectively doing the work of several single blooms. Excellent value for florists and event planners building weddings and large installations in Jamaica.</p><ul><li><strong>Stem length:</strong> 40-55cm</li><li><strong>Bloom size:</strong> Small heads, 2.5-3.5cm, 4-7 per stem</li><li><strong>Vase life:</strong> 6-9 days conditioned</li><li><strong>Conditioning:</strong> Angle-cut, remove lower foliage, hydrate with flower food; pinch spent blooms to keep buds opening.</li></ul>",The New Greenhouse,,Fresh Cut Flowers,"channel:wholesale, flower:spray-rose, color:mixed, occasion:wedding, occasion:romance, occasion:birthday, occasion:everyday, occasion:congratulations, customer:florist, customer:event-planner, customer:hotel, format:bulk-box, season:year-round, type:fresh-cut-flowers, price-status:placeholder, image-status:required, content-status:reviewed",FALSE,Pack Size,25 Stems,,,,,TNG-WHL-005-P25,2600,shopify,0,deny,manual,40.00,,TRUE,TRUE,,,,,FALSE,Assorted Spray Roses | Wholesale Flowers Jamaica,"Mixed spray roses by the box, multi-head stems for weddings and events. Wholesale flowers Jamaica for florists and event planners.",draft
assorted-spray-roses,,,,,,,FALSE,,50 Stems,,,,,TNG-WHL-005-P50,2600,shopify,0,deny,manual,75.00,,TRUE,TRUE,,,,,FALSE,,,draft
assorted-spray-roses,,,,,,,FALSE,,100 Stems,,,,,TNG-WHL-005-P100,2600,shopify,0,deny,manual,140.00,,TRUE,TRUE,,,,,FALSE,,,draft
ivory-garden-roses,Ivory Garden Roses,"<p>Lush, many-petalled garden roses in a soft ivory tone, prized for their old-world ruffle and gentle fragrance. When open they deliver a large, cabbage-like face that anchors luxury bridal bouquets and editorial installations.</p><p>A premium designer flower delivered boxed with careful head protection. Garden varieties are more delicate than standard roses, so plan for generous conditioning time. Ideal for florists and planners producing high-end weddings in Kingston.</p><ul><li><strong>Stem length:</strong> 40-55cm</li><li><strong>Bloom size:</strong> Extra-full head, 6-9cm open</li><li><strong>Vase life:</strong> 4-7 days conditioned</li><li><strong>Conditioning:</strong> Angle-cut, hydrate several hours before design, keep cool; handle open heads gently to avoid bruising.</li></ul>",The New Greenhouse,,Fresh Cut Flowers,"channel:retail, channel:wholesale, flower:garden-rose, color:white-ivory, occasion:wedding, occasion:anniversary, occasion:romance, occasion:sympathy, customer:florist, customer:event-planner, customer:hotel, format:bulk-box, season:year-round, type:fresh-cut-flowers, price-status:placeholder, image-status:required, content-status:reviewed",FALSE,Pack Size,25 Stems,Stem Length,Standard,,,TNG-WHL-006-P25-STD,2400,shopify,0,deny,manual,45.00,,TRUE,TRUE,,,,,FALSE,Ivory Garden Roses | Wholesale Wedding Flowers,Full ivory garden roses in bulk for luxury bridal design. Wedding flowers Kingston and wholesale flowers Jamaica for florists.,draft
ivory-garden-roses,,,,,,,FALSE,,50 Stems,,Standard,,,TNG-WHL-006-P50-STD,2400,shopify,0,deny,manual,85.00,,TRUE,TRUE,,,,,FALSE,,,draft
ivory-garden-roses,,,,,,,FALSE,,50 Stems,,Premium,,,TNG-WHL-006-P50-PRM,2400,shopify,0,deny,manual,102.00,,TRUE,TRUE,,,,,FALSE,,,draft
ivory-garden-roses,,,,,,,FALSE,,100 Stems,,Premium,,,TNG-WHL-006-P100-PRM,2400,shopify,0,deny,manual,192.00,,TRUE,TRUE,,,,,FALSE,,,draft
dendrobium-orchid-stems,Dendrobium Orchid Stems,"<p>Slender arching sprays of dendrobium orchids, each carrying a run of waxy, long-lasting florets. A tropical designer staple that brings line, movement and exceptional vase life to arrangements, buffet displays and event installations.</p><p>Delivered boxed with stems sleeved to protect the florets. Their durability makes them a smart choice for hotels, planners and corporate accounts needing displays that hold for days.</p><ul><li><strong>Stem length:</strong> 40-60cm</li><li><strong>Bloom size:</strong> Florets 3-4cm, 8-14 per spray</li><li><strong>Vase life:</strong> 10-16 days conditioned</li><li><strong>Conditioning:</strong> Angle-cut, hydrate in clean water with flower food; sensitive to cold, keep above 10C.</li></ul>",The New Greenhouse,,Fresh Cut Flowers,"channel:wholesale, flower:orchid, color:purple, occasion:wedding, occasion:corporate, occasion:everyday, occasion:congratulations, customer:florist, customer:event-planner, customer:hotel, customer:corporate, format:bulk-box, season:year-round, type:fresh-cut-flowers, price-status:placeholder, image-status:required, content-status:reviewed",FALSE,Pack Size,25 Stems,,,,,TNG-WHL-007-P25,2000,shopify,0,deny,manual,70.00,,TRUE,TRUE,,,,,FALSE,Dendrobium Orchid Stems | Wholesale Flowers JA,Dendrobium orchid sprays in bulk for tropical events and hotels. Wholesale flowers Jamaica with long vase life for the trade.,draft
dendrobium-orchid-stems,,,,,,,FALSE,,50 Stems,,,,,TNG-WHL-007-P50,2000,shopify,0,deny,manual,130.00,,TRUE,TRUE,,,,,FALSE,,,draft
dendrobium-orchid-stems,,,,,,,FALSE,,100 Stems,,,,,TNG-WHL-007-P100,2000,shopify,0,deny,manual,240.00,,TRUE,TRUE,,,,,FALSE,,,draft
cymbidium-orchid-stems,Cymbidium Orchid Stems,"<p>Statuesque cymbidium orchid stems carrying rows of large, waxy blooms on a strong upright spray. A luxury flower with remarkable substance and vase life, used whole in tall designs or divided into individual blooms for corsages and boutonnieres.</p><p>Delivered boxed and sleeved with heads protected. Their size and longevity make them a high-value choice for florists and planners producing weddings, galas and executive corporate work in Jamaica.</p><ul><li><strong>Stem length:</strong> 50-70cm</li><li><strong>Bloom size:</strong> Large blooms 7-10cm, 6-12 per spray</li><li><strong>Vase life:</strong> 14-21 days conditioned</li><li><strong>Conditioning:</strong> Angle-cut, hydrate in clean water; keep cool but above 8C, mist individual blooms used in corsage work.</li></ul>",The New Greenhouse,,Fresh Cut Flowers,"channel:wholesale, flower:orchid, color:green, occasion:wedding, occasion:corporate, occasion:anniversary, occasion:congratulations, customer:florist, customer:event-planner, customer:hotel, customer:corporate, format:bulk-box, season:seasonal, type:fresh-cut-flowers, price-status:placeholder, image-status:required, content-status:reviewed",FALSE,Pack Size,25 Stems,,,,,TNG-WHL-008-P25,2600,shopify,0,deny,manual,70.00,,TRUE,TRUE,,,,,FALSE,Cymbidium Orchid Stems | Wholesale Wedding Flowers,Cymbidium orchids in bulk for luxury bridal and corsage work. Wedding flowers Kingston and wholesale flowers Jamaica for the trade.,draft
cymbidium-orchid-stems,,,,,,,FALSE,,50 Stems,,,,,TNG-WHL-008-P50,2600,shopify,0,deny,manual,130.00,,TRUE,TRUE,,,,,FALSE,,,draft
cymbidium-orchid-stems,,,,,,,FALSE,,100 Stems,,,,,TNG-WHL-008-P100,2600,shopify,0,deny,manual,240.00,,TRUE,TRUE,,,,,FALSE,,,draft
phalaenopsis-orchid-stems,Phalaenopsis Orchid Stems,"<p>Refined cut phalaenopsis (moth orchid) sprays carrying broad, rounded blooms along a graceful arching stem. The signature flower of modern luxury design, used in cascading bridal bouquets, water-tube installations and sculptural centrepieces.</p><p>Delivered boxed with each bloom protected. Phalaenopsis is delicate and best designed close to the event; handled well it offers a soft, contemporary look no other flower matches. Ideal for florists and planners working premium weddings in Kingston.</p><ul><li><strong>Stem length:</strong> 40-60cm</li><li><strong>Bloom size:</strong> Broad blooms 6-9cm, 5-9 per spray</li><li><strong>Vase life:</strong> 10-18 days in water, shorter in foam or tubes</li><li><strong>Conditioning:</strong> Angle-cut, hydrate in clean water; keep warm and away from draughts, mist blooms lightly.</li></ul>",The New Greenhouse,,Fresh Cut Flowers,"channel:wholesale, flower:orchid, color:white-ivory, occasion:wedding, occasion:corporate, occasion:anniversary, occasion:congratulations, customer:florist, customer:event-planner, customer:hotel, format:bulk-box, season:year-round, type:fresh-cut-flowers, price-status:placeholder, image-status:required, content-status:reviewed",FALSE,Pack Size,25 Stems,,,,,TNG-WHL-009-P25,1800,shopify,0,deny,manual,70.00,,TRUE,TRUE,,,,,FALSE,Phalaenopsis Orchid Stems | Wholesale Flowers JA,Cut phalaenopsis orchid sprays in bulk for luxury bridal design. Wholesale flowers Jamaica and wedding flowers Kingston for florists.,draft
phalaenopsis-orchid-stems,,,,,,,FALSE,,50 Stems,,,,,TNG-WHL-009-P50,1800,shopify,0,deny,manual,130.00,,TRUE,TRUE,,,,,FALSE,,,draft
phalaenopsis-orchid-stems,,,,,,,FALSE,,100 Stems,,,,,TNG-WHL-009-P100,1800,shopify,0,deny,manual,240.00,,TRUE,TRUE,,,,,FALSE,,,draft
oriental-lilies-white,Oriental Lilies (White),"<p>Large, richly fragrant white oriental lilies carrying multiple buds per stem that open in succession for extended display. A cornerstone of sympathy and bridal work, prized for scale, presence and value where each stem opens several blooms.</p><p>Delivered boxed in tight bud so they travel and store well, then open over several days. Ideal for florists, planners and hotels producing funeral tributes, weddings and grand installations across Jamaica.</p><ul><li><strong>Stem length:</strong> 70-90cm</li><li><strong>Bloom size:</strong> Open blooms 15-20cm, 3-6 buds per stem</li><li><strong>Vase life:</strong> 8-12 days as buds open in sequence</li><li><strong>Conditioning:</strong> Angle-cut, hydrate with flower food; remove pollen-laden anthers to protect petals and fabrics.</li></ul>",The New Greenhouse,,Fresh Cut Flowers,"channel:retail, channel:wholesale, flower:lily, color:white-ivory, occasion:sympathy, occasion:wedding, occasion:anniversary, occasion:corporate, occasion:everyday, customer:florist, customer:event-planner, customer:hotel, customer:corporate, format:bulk-box, season:year-round, type:fresh-cut-flowers, price-status:placeholder, image-status:required, content-status:reviewed",FALSE,Pack Size,25 Stems,,,,,TNG-WHL-010-P25,2800,shopify,0,deny,manual,55.00,,TRUE,TRUE,,,,,FALSE,White Oriental Lilies | Wholesale Flowers Jamaica,Fragrant white oriental lilies in bulk for sympathy and bridal work. Wholesale flowers Jamaica and sympathy flowers for florists.,draft
oriental-lilies-white,,,,,,,FALSE,,50 Stems,,,,,TNG-WHL-010-P50,2800,shopify,0,deny,manual,100.00,,TRUE,TRUE,,,,,FALSE,,,draft
oriental-lilies-white,,,,,,,FALSE,,100 Stems,,,,,TNG-WHL-010-P100,2800,shopify,0,deny,manual,185.00,,TRUE,TRUE,,,,,FALSE,,,draft
asiatic-lilies-mixed,Asiatic Lilies (Mixed),"<p>Upward-facing Asiatic lilies in a vibrant assorted mix, delivered without the heavy fragrance of oriental types. Each stem carries several buds that open in turn, giving bold colour and excellent value for volume arrangements.</p><p>Boxed in bud for storage and travel, opening over several days on display. A dependable, budget-friendly trade flower for florists, planners and hotels handling birthdays, congratulations and everyday retail in Kingston.</p><ul><li><strong>Stem length:</strong> 60-80cm</li><li><strong>Bloom size:</strong> Open blooms 10-15cm, 3-5 buds per stem</li><li><strong>Vase life:</strong> 8-12 days as buds open in sequence</li><li><strong>Conditioning:</strong> Angle-cut, hydrate with flower food; remove anthers as blooms open to avoid pollen stains.</li></ul>",The New Greenhouse,,Fresh Cut Flowers,"channel:wholesale, flower:lily, color:mixed, occasion:birthday, occasion:congratulations, occasion:corporate, occasion:get-well, occasion:everyday, customer:florist, customer:event-planner, customer:hotel, customer:corporate, format:bulk-box, season:year-round, type:fresh-cut-flowers, price-status:placeholder, image-status:required, content-status:reviewed",FALSE,Pack Size,25 Stems,,,,,TNG-WHL-011-P25,2400,shopify,0,deny,manual,55.00,,TRUE,TRUE,,,,,FALSE,Mixed Asiatic Lilies | Bulk Flowers Jamaica,"Bright mixed Asiatic lilies by the box, unscented and long-lasting. Bulk flowers Jamaica and wholesale flowers Kingston for florists.",draft
asiatic-lilies-mixed,,,,,,,FALSE,,50 Stems,,,,,TNG-WHL-011-P50,2400,shopify,0,deny,manual,100.00,,TRUE,TRUE,,,,,FALSE,,,draft
asiatic-lilies-mixed,,,,,,,FALSE,,100 Stems,,,,,TNG-WHL-011-P100,2400,shopify,0,deny,manual,185.00,,TRUE,TRUE,,,,,FALSE,,,draft
calla-lilies-ivory,Calla Lilies (Ivory),"<p>Elegant ivory calla lilies with their signature curled spathe and clean, pliable stem. A minimalist designer favourite used in sleek presentation bouquets, tall linear arrangements and contemporary event installations.</p><p>Delivered boxed with blooms sleeved to protect the delicate throat. The smooth hollow stems can be gently shaped and are sensitive to over-handling, so process with care. Ideal for florists and planners producing modern weddings in Jamaica.</p><ul><li><strong>Stem length:</strong> 45-65cm</li><li><strong>Bloom size:</strong> Spathe 8-12cm long</li><li><strong>Vase life:</strong> 7-12 days conditioned</li><li><strong>Conditioning:</strong> Angle-cut, hydrate in shallow clean water; avoid crushing stems and keep water levels moderate to prevent softening.</li></ul>",The New Greenhouse,,Fresh Cut Flowers,"channel:retail, channel:wholesale, flower:calla-lily, color:white-ivory, occasion:wedding, occasion:sympathy, occasion:anniversary, occasion:corporate, customer:florist, customer:event-planner, customer:hotel, format:bulk-box, season:year-round, type:fresh-cut-flowers, price-status:placeholder, image-status:required, content-status:reviewed",FALSE,Pack Size,25 Stems,,,,,TNG-WHL-012-P25,2200,shopify,0,deny,manual,55.00,,TRUE,TRUE,,,,,FALSE,Ivory Calla Lilies | Wholesale Wedding Flowers,Sculptural ivory calla lilies in bulk for modern bridal design. Wedding flowers Kingston and wholesale flowers Jamaica for florists.,draft
calla-lilies-ivory,,,,,,,FALSE,,50 Stems,,,,,TNG-WHL-012-P50,2200,shopify,0,deny,manual,100.00,,TRUE,TRUE,,,,,FALSE,,,draft
calla-lilies-ivory,,,,,,,FALSE,,100 Stems,,,,,TNG-WHL-012-P100,2200,shopify,0,deny,manual,185.00,,TRUE,TRUE,,,,,FALSE,,,draft
white-hydrangeas,White Hydrangeas,"<p>Generous white hydrangea heads made up of dense clusters of small florets, delivering instant volume and coverage. A designer essential for filling bridal arbours, centrepieces and grand installations where one stem does the work of many.</p><p>Delivered boxed with heads sleeved for protection. Hydrangeas drink through both stem and petals, so thorough hydration is key. Ideal for florists, planners and hotels producing weddings and large-scale event flowers in Kingston.</p><ul><li><strong>Stem length:</strong> 45-65cm</li><li><strong>Bloom size:</strong> Full head 12-18cm across</li><li><strong>Vase life:</strong> 5-9 days well conditioned</li><li><strong>Conditioning:</strong> Angle-cut, dip cut ends briefly, hydrate deeply; mist heads and revive wilted blooms by submerging in cool water.</li></ul>",The New Greenhouse,,Fresh Cut Flowers,"channel:retail, channel:wholesale, flower:hydrangea, color:white-ivory, occasion:wedding, occasion:sympathy, occasion:corporate, occasion:anniversary, occasion:everyday, customer:florist, customer:event-planner, customer:hotel, customer:corporate, format:bulk-box, season:year-round, type:fresh-cut-flowers, price-status:placeholder, image-status:required, content-status:reviewed",FALSE,Pack Size,25 Stems,,,,,TNG-WHL-013-P25,2400,shopify,0,deny,manual,90.00,,TRUE,TRUE,,,,,FALSE,White Hydrangeas | Wholesale Flowers Jamaica,Full white hydrangea heads in bulk for weddings and events. Wholesale flowers Jamaica and wedding flowers Kingston for florists.,draft
white-hydrangeas,,,,,,,FALSE,,50 Stems,,,,,TNG-WHL-013-P50,2400,shopify,0,deny,manual,170.00,,TRUE,TRUE,,,,,FALSE,,,draft
white-hydrangeas,,,,,,,FALSE,,100 Stems,,,,,TNG-WHL-013-P100,2400,shopify,0,deny,manual,320.00,,TRUE,TRUE,,,,,FALSE,,,draft
antique-blue-hydrangeas,Antique Blue Hydrangeas,"<p>Hydrangea heads in a soft, dusky antique blue with subtle green and lilac shading, the mature tone designers love for romantic and vintage palettes. Each dense head brings depth and volume to bouquets, centrepieces and lush installations.</p><p>Delivered boxed and sleeved. As with all hydrangeas, deep hydration protects the delicate florets. A refined trade choice for florists and planners building weddings and editorial work across Jamaica.</p><ul><li><strong>Stem length:</strong> 45-65cm</li><li><strong>Bloom size:</strong> Full head 12-18cm across</li><li><strong>Vase life:</strong> 5-9 days well conditioned</li><li><strong>Conditioning:</strong> Angle-cut, hydrate deeply and mist; submerge wilted heads in cool water to revive. Tone deepens as blooms mature.</li></ul>",The New Greenhouse,,Fresh Cut Flowers,"channel:retail, channel:wholesale, flower:hydrangea, color:blue, occasion:wedding, occasion:anniversary, occasion:corporate, occasion:everyday, customer:florist, customer:event-planner, customer:hotel, format:bulk-box, season:seasonal, type:fresh-cut-flowers, price-status:placeholder, image-status:required, content-status:reviewed",FALSE,Pack Size,25 Stems,,,,,TNG-WHL-014-P25,2400,shopify,0,deny,manual,90.00,,TRUE,TRUE,,,,,FALSE,Antique Blue Hydrangeas | Wholesale Wedding Flowers,Antique blue hydrangea heads in bulk for vintage-toned weddings. Wedding flowers Kingston and wholesale flowers Jamaica for florists.,draft
antique-blue-hydrangeas,,,,,,,FALSE,,50 Stems,,,,,TNG-WHL-014-P50,2400,shopify,0,deny,manual,170.00,,TRUE,TRUE,,,,,FALSE,,,draft
antique-blue-hydrangeas,,,,,,,FALSE,,100 Stems,,,,,TNG-WHL-014-P100,2400,shopify,0,deny,manual,320.00,,TRUE,TRUE,,,,,FALSE,,,draft
pink-hydrangeas,Pink Hydrangeas,"<p>Rounded pink hydrangea heads packed with small florets in a gentle, warm rose tone. A versatile volume flower for baby showers, weddings and celebration work, filling space beautifully while softening bolder blooms around it.</p><p>Delivered boxed and sleeved for protection. Keep well hydrated, as hydrangeas draw moisture through their petals as well as their stems. A dependable trade flower for florists, planners and hotels in Kingston.</p><ul><li><strong>Stem length:</strong> 45-65cm</li><li><strong>Bloom size:</strong> Full head 12-18cm across</li><li><strong>Vase life:</strong> 5-9 days well conditioned</li><li><strong>Conditioning:</strong> Angle-cut, hydrate deeply and mist heads; revive wilted blooms by submerging in cool water.</li></ul>",The New Greenhouse,,Fresh Cut Flowers,"channel:retail, channel:wholesale, flower:hydrangea, color:pink, occasion:wedding, occasion:new-baby, occasion:birthday, occasion:anniversary, occasion:everyday, customer:florist, customer:event-planner, customer:hotel, format:bulk-box, season:year-round, type:fresh-cut-flowers, price-status:placeholder, image-status:required, content-status:reviewed",FALSE,Pack Size,25 Stems,,,,,TNG-WHL-015-P25,2400,shopify,0,deny,manual,90.00,,TRUE,TRUE,,,,,FALSE,Pink Hydrangeas | Bulk Flowers Jamaica,Soft pink hydrangea heads in bulk for showers and weddings. Bulk flowers Jamaica and wholesale flowers Kingston for florists.,draft
pink-hydrangeas,,,,,,,FALSE,,50 Stems,,,,,TNG-WHL-015-P50,2400,shopify,0,deny,manual,170.00,,TRUE,TRUE,,,,,FALSE,,,draft
pink-hydrangeas,,,,,,,FALSE,,100 Stems,,,,,TNG-WHL-015-P100,2400,shopify,0,deny,manual,320.00,,TRUE,TRUE,,,,,FALSE,,,draft
football-disbud-chrysanthemums,Football Disbud Chrysanthemums,"<p>Bold single-stem disbud chrysanthemums, commonly called football mums, each carrying one large, densely petalled dome. Grown on one focal bloom per stem, they deliver striking scale and coverage for a modest cost.</p><p>Delivered boxed and sleeved, with outstanding vase life that makes them a workhorse for sympathy tributes, corporate displays and large arrangements. A high-value staple for florists, planners and hotels across Jamaica.</p><ul><li><strong>Stem length:</strong> 55-70cm</li><li><strong>Bloom size:</strong> Single head 10-14cm across</li><li><strong>Vase life:</strong> 10-16 days conditioned</li><li><strong>Conditioning:</strong> Angle-cut, strip lower foliage, hydrate with flower food; tolerant and long-lasting with minimal fuss.</li></ul>",The New Greenhouse,,Fresh Cut Flowers,"channel:wholesale, flower:chrysanthemum, color:white-ivory, occasion:sympathy, occasion:corporate, occasion:everyday, occasion:congratulations, customer:florist, customer:event-planner, customer:hotel, customer:corporate, format:bulk-box, season:year-round, type:fresh-cut-flowers, price-status:placeholder, image-status:required, content-status:reviewed",FALSE,Pack Size,25 Stems,,,,,TNG-WHL-016-P25,2200,shopify,0,deny,manual,35.00,,TRUE,TRUE,,,,,FALSE,Football Disbud Chrysanthemums | Wholesale Flowers JA,Large disbud football mums in bulk with long vase life. Wholesale flowers Jamaica and sympathy flowers for florists in Kingston.,draft
football-disbud-chrysanthemums,,,,,,,FALSE,,50 Stems,,,,,TNG-WHL-016-P50,2200,shopify,0,deny,manual,65.00,,TRUE,TRUE,,,,,FALSE,,,draft
football-disbud-chrysanthemums,,,,,,,FALSE,,100 Stems,,,,,TNG-WHL-016-P100,2200,shopify,0,deny,manual,120.00,,TRUE,TRUE,,,,,FALSE,,,draft
spider-chrysanthemums,Spider Chrysanthemums,"<p>Distinctive spider chrysanthemums whose long, quilled and often hooked petals radiate outward for a soft, fringed sphere. They introduce texture and quiet drama, working beautifully in modern, Asian-inspired and tropical designs.</p><p>Delivered boxed and sleeved, sharing the excellent longevity of the chrysanthemum family. A characterful, long-lasting choice for florists and planners building distinctive event work in Kingston.</p><ul><li><strong>Stem length:</strong> 55-70cm</li><li><strong>Bloom size:</strong> Single head 12-16cm across</li><li><strong>Vase life:</strong> 10-14 days conditioned</li><li><strong>Conditioning:</strong> Angle-cut, strip lower foliage, hydrate with flower food; gently fluff petals after unpacking.</li></ul>",The New Greenhouse,,Fresh Cut Flowers,"channel:wholesale, flower:chrysanthemum, color:yellow-orange, occasion:corporate, occasion:everyday, occasion:sympathy, occasion:congratulations, customer:florist, customer:event-planner, customer:hotel, format:bulk-box, season:year-round, type:fresh-cut-flowers, price-status:placeholder, image-status:required, content-status:reviewed",FALSE,Pack Size,25 Stems,,,,,TNG-WHL-017-P25,2200,shopify,0,deny,manual,35.00,,TRUE,TRUE,,,,,FALSE,Spider Chrysanthemums | Wholesale Flowers Jamaica,"Fringed spider mums in bulk for texture in modern designs. Wholesale flowers Jamaica, long-lasting blooms for florists in Kingston.",draft
spider-chrysanthemums,,,,,,,FALSE,,50 Stems,,,,,TNG-WHL-017-P50,2200,shopify,0,deny,manual,65.00,,TRUE,TRUE,,,,,FALSE,,,draft
spider-chrysanthemums,,,,,,,FALSE,,100 Stems,,,,,TNG-WHL-017-P100,2200,shopify,0,deny,manual,120.00,,TRUE,TRUE,,,,,FALSE,,,draft
button-pompon-chrysanthemums,Button Pompon Chrysanthemums,"<p>Compact button pompon chrysanthemums carrying clusters of small, tightly rounded blooms on each branching stem. A versatile filler and accent flower that adds mass, colour and a charming rhythm to bouquets and arrangements.</p><p>Delivered boxed and sleeved, offering strong stem count and the reliable vase life of the mum family. Excellent value for florists and planners needing texture and volume across weddings and everyday retail in Jamaica.</p><ul><li><strong>Stem length:</strong> 50-65cm</li><li><strong>Bloom size:</strong> Buttons 2-4cm, several per stem</li><li><strong>Vase life:</strong> 10-14 days conditioned</li><li><strong>Conditioning:</strong> Angle-cut, strip lower foliage, hydrate with flower food; remove any spent blooms to keep clusters fresh.</li></ul>",The New Greenhouse,,Fresh Cut Flowers,"channel:wholesale, flower:chrysanthemum, color:mixed, occasion:everyday, occasion:corporate, occasion:birthday, occasion:sympathy, customer:florist, customer:event-planner, customer:hotel, format:bulk-box, season:year-round, type:fresh-cut-flowers, price-status:placeholder, image-status:required, content-status:reviewed",FALSE,Pack Size,25 Stems,,,,,TNG-WHL-018-P25,2000,shopify,0,deny,manual,35.00,,TRUE,TRUE,,,,,FALSE,Button Pompon Chrysanthemums | Bulk Flowers Jamaica,Multi-head button pompon mums in bulk for filler and texture. Bulk flowers Jamaica and wholesale flowers Kingston for florists.,draft
button-pompon-chrysanthemums,,,,,,,FALSE,,50 Stems,,,,,TNG-WHL-018-P50,2000,shopify,0,deny,manual,65.00,,TRUE,TRUE,,,,,FALSE,,,draft
button-pompon-chrysanthemums,,,,,,,FALSE,,100 Stems,,,,,TNG-WHL-018-P100,2000,shopify,0,deny,manual,120.00,,TRUE,TRUE,,,,,FALSE,,,draft
standard-carnations-assorted,Standard Carnations (Assorted),"<p>Full single-head standard carnations delivered in an assorted colour mix, with their signature ruffled, clove-scented blooms. A dependable, economical flower that holds shape and colour longer than almost anything else in the cooler.</p><p>Boxed and bunched from the grower for easy processing. Their durability and low cost make them ideal for large-scale event work, floral foam designs and everyday retail volume for florists and hotels in Kingston.</p><ul><li><strong>Stem length:</strong> 50-65cm</li><li><strong>Bloom size:</strong> Single head 5-7cm across</li><li><strong>Vase life:</strong> 12-21 days conditioned</li><li><strong>Conditioning:</strong> Cut between the nodes, not through them, and hydrate with flower food; extremely tolerant and long-lived.</li></ul>",The New Greenhouse,,Fresh Cut Flowers,"channel:wholesale, flower:carnation, color:mixed, occasion:everyday, occasion:sympathy, occasion:corporate, occasion:birthday, occasion:congratulations, customer:florist, customer:event-planner, customer:hotel, customer:corporate, format:bulk-box, season:year-round, type:fresh-cut-flowers, price-status:placeholder, image-status:required, content-status:reviewed",FALSE,Pack Size,25 Stems,,,,,TNG-WHL-019-P25,2600,shopify,0,deny,manual,30.00,,TRUE,TRUE,,,,,FALSE,Standard Carnations Assorted | Wholesale Flowers JA,"Assorted standard carnations in bulk, long-lasting and economical. Wholesale flowers Jamaica and bulk flowers Kingston for florists.",draft
standard-carnations-assorted,,,,,,,FALSE,,50 Stems,,,,,TNG-WHL-019-P50,2600,shopify,0,deny,manual,55.00,,TRUE,TRUE,,,,,FALSE,,,draft
standard-carnations-assorted,,,,,,,FALSE,,100 Stems,,,,,TNG-WHL-019-P100,2600,shopify,0,deny,manual,100.00,,TRUE,TRUE,,,,,FALSE,,,draft
spray-mini-carnations,Spray Mini Carnations,"<p>Branching spray carnations carrying several small ruffled blooms and buds on each stem. They deliver the same exceptional durability as standard carnations while adding airiness and high bloom count, making them a superb filler and accent.</p><p>Delivered boxed and bunched, with each stem multiplying your coverage. A cost-effective, hardworking choice for florists and planners handling weddings, corporate volume and everyday retail across Jamaica.</p><ul><li><strong>Stem length:</strong> 45-60cm</li><li><strong>Bloom size:</strong> Blooms 3-4cm, 4-8 per stem</li><li><strong>Vase life:</strong> 10-18 days conditioned</li><li><strong>Conditioning:</strong> Cut between the nodes, hydrate with flower food; remove finished blooms so buds continue to open.</li></ul>",The New Greenhouse,,Fresh Cut Flowers,"channel:wholesale, flower:carnation, color:mixed, occasion:everyday, occasion:birthday, occasion:wedding, occasion:corporate, occasion:sympathy, customer:florist, customer:event-planner, customer:hotel, format:bulk-box, season:year-round, type:fresh-cut-flowers, price-status:placeholder, image-status:required, content-status:reviewed",FALSE,Pack Size,25 Stems,,,,,TNG-WHL-020-P25,2400,shopify,0,deny,manual,30.00,,TRUE,TRUE,,,,,FALSE,Spray Mini Carnations | Bulk Flowers Jamaica,Branching mini spray carnations in bulk for filler and value. Bulk flowers Jamaica and wholesale flowers Kingston for florists.,draft
spray-mini-carnations,,,,,,,FALSE,,50 Stems,,,,,TNG-WHL-020-P50,2400,shopify,0,deny,manual,55.00,,TRUE,TRUE,,,,,FALSE,,,draft
spray-mini-carnations,,,,,,,FALSE,,100 Stems,,,,,TNG-WHL-020-P100,2400,shopify,0,deny,manual,100.00,,TRUE,TRUE,,,,,FALSE,,,draft
anthurium-stems,Anthurium Stems,"<p>Striking anthurium stems topped with a glossy, heart-shaped spathe and upright central spadix. A signature tropical flower that brings sculptural impact and a lacquered sheen to modern arrangements, hotel lobbies and corporate installations.</p><p>Delivered boxed with each spathe sleeved to prevent scratching. Anthuriums are exceptionally long-lasting but cold-sensitive, so keep them warm. Ideal for florists, planners and hotels producing tropical event flowers in Jamaica.</p><ul><li><strong>Stem length:</strong> 40-60cm</li><li><strong>Bloom size:</strong> Spathe 8-15cm across</li><li><strong>Vase life:</strong> 14-21 days conditioned</li><li><strong>Conditioning:</strong> Angle-cut, hydrate in clean water; keep above 13C and mist the spathe. Chilling causes brown blemishes.</li></ul>",The New Greenhouse,,Fresh Cut Flowers,"channel:wholesale, flower:anthurium, color:red, occasion:corporate, occasion:everyday, occasion:wedding, occasion:congratulations, customer:florist, customer:event-planner, customer:hotel, customer:corporate, format:bulk-box, season:year-round, type:fresh-cut-flowers, price-status:placeholder, image-status:required, content-status:reviewed",FALSE,Pack Size,25 Stems,Stem Length,Standard,,,TNG-WHL-021-P25-STD,2200,shopify,0,deny,manual,85.00,,TRUE,TRUE,,,,,FALSE,Anthurium Stems | Wholesale Tropical Flowers JA,"Glossy anthurium stems in bulk for bold tropical designs. Wholesale flowers Jamaica, long-lasting blooms for florists and hotels.",draft
anthurium-stems,,,,,,,FALSE,,50 Stems,,Standard,,,TNG-WHL-021-P50-STD,2200,shopify,0,deny,manual,160.00,,TRUE,TRUE,,,,,FALSE,,,draft
anthurium-stems,,,,,,,FALSE,,50 Stems,,Premium,,,TNG-WHL-021-P50-PRM,2200,shopify,0,deny,manual,192.00,,TRUE,TRUE,,,,,FALSE,,,draft
anthurium-stems,,,,,,,FALSE,,100 Stems,,Premium,,,TNG-WHL-021-P100-PRM,2200,shopify,0,deny,manual,360.00,,TRUE,TRUE,,,,,FALSE,,,draft
heliconia,Heliconia,"<p>Dramatic heliconia stems carrying waxy, boat-shaped bracts in fiery tropical tones along a strong, upright axis. Their scale and structure make them a natural focal point for large arrangements, resort displays and statement installations.</p><p>Delivered boxed given their length and weight. Heliconia are robust and long-lasting but cold-sensitive, so keep them warm and well hydrated. A high-impact choice for florists, planners and hotels producing tropical event flowers across Jamaica.</p><ul><li><strong>Stem length:</strong> 70-100cm</li><li><strong>Bloom size:</strong> Bract head 20-40cm long</li><li><strong>Vase life:</strong> 10-18 days conditioned</li><li><strong>Conditioning:</strong> Angle-cut, hydrate in deep clean water; keep above 13C and rinse bracts, which can collect water and debris.</li></ul>",The New Greenhouse,,Fresh Cut Flowers,"channel:wholesale, flower:heliconia, color:red, occasion:corporate, occasion:everyday, occasion:wedding, occasion:congratulations, customer:florist, customer:event-planner, customer:hotel, format:bulk-box, season:year-round, type:fresh-cut-flowers, price-status:placeholder, image-status:required, content-status:reviewed",FALSE,Pack Size,25 Stems,,,,,TNG-WHL-022-P25,3500,shopify,0,deny,manual,85.00,,TRUE,TRUE,,,,,FALSE,Heliconia Stems | Wholesale Tropical Flowers Jamaica,"Bold heliconia stems in bulk for large tropical arrangements. Wholesale flowers Jamaica for florists, hotels and event planners.",draft
heliconia,,,,,,,FALSE,,50 Stems,,,,,TNG-WHL-022-P50,3500,shopify,0,deny,manual,160.00,,TRUE,TRUE,,,,,FALSE,,,draft
heliconia,,,,,,,FALSE,,100 Stems,,,,,TNG-WHL-022-P100,3500,shopify,0,deny,manual,300.00,,TRUE,TRUE,,,,,FALSE,,,draft
torch-ginger,Torch Ginger,"<p>Exotic torch ginger stems crowned with a waxy, cone-shaped flower head of tightly layered bracts. A luxurious tropical focal flower with sculptural presence, used to anchor grand centrepieces, resort displays and statement installations.</p><p>Delivered boxed to protect the substantial heads. Torch ginger is dramatic and long-lasting but cold-sensitive and heavy, so plan supports and keep it warm. A premium choice for florists, planners and hotels producing tropical events in Jamaica.</p><ul><li><strong>Stem length:</strong> 60-90cm</li><li><strong>Bloom size:</strong> Head 12-18cm across</li><li><strong>Vase life:</strong> 7-14 days conditioned</li><li><strong>Conditioning:</strong> Angle-cut, hydrate in deep clean water; keep above 13C and mist the head to maintain sheen.</li></ul>",The New Greenhouse,,Fresh Cut Flowers,"channel:wholesale, flower:ginger, color:red, occasion:wedding, occasion:corporate, occasion:everyday, occasion:congratulations, customer:florist, customer:event-planner, customer:hotel, format:bulk-box, season:year-round, type:fresh-cut-flowers, price-status:placeholder, image-status:required, content-status:reviewed",FALSE,Pack Size,25 Stems,,,,,TNG-WHL-023-P25,3200,shopify,0,deny,manual,85.00,,TRUE,TRUE,,,,,FALSE,Torch Ginger | Wholesale Tropical Flowers Jamaica,"Sculptural torch ginger stems in bulk for luxury tropical events. Wholesale flowers Jamaica for florists, hotels and planners.",draft
torch-ginger,,,,,,,FALSE,,50 Stems,,,,,TNG-WHL-023-P50,3200,shopify,0,deny,manual,160.00,,TRUE,TRUE,,,,,FALSE,,,draft
torch-ginger,,,,,,,FALSE,,100 Stems,,,,,TNG-WHL-023-P100,3200,shopify,0,deny,manual,300.00,,TRUE,TRUE,,,,,FALSE,,,draft
bird-of-paradise,Bird of Paradise,"<p>The unmistakable bird of paradise, with its crested orange and blue crane-like bloom emerging from a hard beak-shaped bract. An architectural focal flower that delivers instant tropical drama to arrangements, lobbies and grand event displays.</p><p>Delivered boxed with heads protected; a second and third flower can be coaxed from the bract by hand as the first fades. Robust and long-lasting but cold-sensitive. A statement trade flower for florists, planners and hotels in Kingston.</p><ul><li><strong>Stem length:</strong> 70-100cm</li><li><strong>Bloom size:</strong> Head 15-20cm long</li><li><strong>Vase life:</strong> 10-18 days, longer as successive blooms emerge</li><li><strong>Conditioning:</strong> Angle-cut, hydrate in deep clean water; keep above 10C and gently ease out the next bloom as the first fades.</li></ul>",The New Greenhouse,,Fresh Cut Flowers,"channel:wholesale, flower:bird-of-paradise, color:yellow-orange, occasion:corporate, occasion:everyday, occasion:congratulations, occasion:wedding, customer:florist, customer:event-planner, customer:hotel, customer:corporate, format:bulk-box, season:year-round, type:fresh-cut-flowers, price-status:placeholder, image-status:required, content-status:reviewed",FALSE,Pack Size,25 Stems,,,,,TNG-WHL-024-P25,3000,shopify,0,deny,manual,85.00,,TRUE,TRUE,,,,,FALSE,Bird of Paradise | Wholesale Tropical Flowers JA,"Iconic bird of paradise stems in bulk for tropical arrangements. Wholesale flowers Jamaica for florists, hotels and event planners.",draft
bird-of-paradise,,,,,,,FALSE,,50 Stems,,,,,TNG-WHL-024-P50,3000,shopify,0,deny,manual,160.00,,TRUE,TRUE,,,,,FALSE,,,draft
bird-of-paradise,,,,,,,FALSE,,100 Stems,,,,,TNG-WHL-024-P100,3000,shopify,0,deny,manual,300.00,,TRUE,TRUE,,,,,FALSE,,,draft
seeded-eucalyptus,Seeded Eucalyptus,"<p>Seeded eucalyptus bunches lined with slender leaves and clusters of small berry-like seed pods along silvery-green stems. A designer-favourite foliage that adds organic movement, trailing texture and a fresh, aromatic note to bouquets, garlands and arbours.</p><p>Delivered in field bunches by weight, ideal for weddings and installations where natural greenery is doing much of the work. Conditions easily and dries well for lasting decor. A trade staple for florists and planners across Jamaica.</p><ul><li><strong>Stem length:</strong> 45-70cm</li><li><strong>Bloom size:</strong> Foliage bunch, seed pods 3-5mm</li><li><strong>Vase life:</strong> 10-16 days fresh; dries well</li><li><strong>Conditioning:</strong> Angle-cut, strip lower leaves and hydrate in clean water; woody stems benefit from a firm fresh cut.</li></ul>",The New Greenhouse,,Greenery,"channel:wholesale, flower:eucalyptus, color:green, occasion:wedding, occasion:everyday, occasion:corporate, occasion:sympathy, customer:florist, customer:event-planner, customer:hotel, format:bunch, season:year-round, type:greenery, price-status:placeholder, image-status:required, content-status:reviewed",FALSE,Pack Size,25 Stems,,,,,TNG-WHL-025-P25,500,shopify,0,deny,manual,35.00,,TRUE,TRUE,,,,,FALSE,Seeded Eucalyptus | Wholesale Greenery Jamaica,Seeded eucalyptus bunches in bulk for weddings and garlands. Wholesale greenery Jamaica and floral supplies for florists in Kingston.,draft
seeded-eucalyptus,,,,,,,FALSE,,50 Stems,,,,,TNG-WHL-025-P50,500,shopify,0,deny,manual,65.00,,TRUE,TRUE,,,,,FALSE,,,draft
seeded-eucalyptus,,,,,,,FALSE,,100 Stems,,,,,TNG-WHL-025-P100,500,shopify,0,deny,manual,120.00,,TRUE,TRUE,,,,,FALSE,,,draft
silver-dollar-eucalyptus,Silver Dollar Eucalyptus,"<p>Silver dollar eucalyptus bunches lined with rounded, coin-shaped leaves in a cool silvery green. A refined foliage that lays flat and drapes beautifully, making it a go-to for table runners, garlands, arbours and airy hand-tied bouquets.</p><p>Delivered in field bunches by weight, releasing a clean eucalyptus scent. It conditions readily and dries well, holding shape for lasting decor. A dependable greenery for florists, planners and hotels producing weddings and events in Kingston.</p><ul><li><strong>Stem length:</strong> 45-70cm</li><li><strong>Bloom size:</strong> Foliage bunch, leaves 3-5cm across</li><li><strong>Vase life:</strong> 10-16 days fresh; dries well</li><li><strong>Conditioning:</strong> Angle-cut the woody stems, strip lower leaves and hydrate in clean water.</li></ul>",The New Greenhouse,,Greenery,"channel:wholesale, flower:eucalyptus, color:green, occasion:wedding, occasion:everyday, occasion:corporate, occasion:sympathy, customer:florist, customer:event-planner, customer:hotel, format:bunch, season:year-round, type:greenery, price-status:placeholder, image-status:required, content-status:reviewed",FALSE,Pack Size,25 Stems,,,,,TNG-WHL-026-P25,500,shopify,0,deny,manual,35.00,,TRUE,TRUE,,,,,FALSE,Silver Dollar Eucalyptus | Wholesale Greenery JA,Silver dollar eucalyptus bunches in bulk for garlands and tables. Wholesale greenery Jamaica and floral supplies for florists.,draft
silver-dollar-eucalyptus,,,,,,,FALSE,,50 Stems,,,,,TNG-WHL-026-P50,500,shopify,0,deny,manual,65.00,,TRUE,TRUE,,,,,FALSE,,,draft
silver-dollar-eucalyptus,,,,,,,FALSE,,100 Stems,,,,,TNG-WHL-026-P100,500,shopify,0,deny,manual,120.00,,TRUE,TRUE,,,,,FALSE,,,draft
israeli-ruscus,Israeli Ruscus,"<p>Israeli ruscus bunches carrying neat, glossy, pointed leaves evenly along strong upright stems. A hardworking structural foliage that provides clean lines and dependable coverage in arrangements, sympathy tributes and event work.</p><p>Delivered in field bunches, this is one of the most durable and forgiving greens in the cooler, with excellent vase life and minimal fuss. A trade essential for florists, planners and hotels needing volume greenery across Jamaica.</p><ul><li><strong>Stem length:</strong> 50-75cm</li><li><strong>Bloom size:</strong> Foliage bunch, leaves 4-7cm</li><li><strong>Vase life:</strong> 14-21 days conditioned</li><li><strong>Conditioning:</strong> Angle-cut, strip lower leaves and hydrate in clean water; extremely tolerant and long-lasting.</li></ul>",The New Greenhouse,,Greenery,"channel:wholesale, flower:ruscus, color:green, occasion:wedding, occasion:sympathy, occasion:corporate, occasion:everyday, customer:florist, customer:event-planner, customer:hotel, format:bunch, season:year-round, type:greenery, price-status:placeholder, image-status:required, content-status:reviewed",FALSE,Pack Size,25 Stems,,,,,TNG-WHL-027-P25,550,shopify,0,deny,manual,35.00,,TRUE,TRUE,,,,,FALSE,Israeli Ruscus | Wholesale Greenery Jamaica,Durable Israeli ruscus bunches in bulk for structural greenery. Wholesale greenery Jamaica and floral supplies for florists in Kingston.,draft
israeli-ruscus,,,,,,,FALSE,,50 Stems,,,,,TNG-WHL-027-P50,550,shopify,0,deny,manual,65.00,,TRUE,TRUE,,,,,FALSE,,,draft
israeli-ruscus,,,,,,,FALSE,,100 Stems,,,,,TNG-WHL-027-P100,550,shopify,0,deny,manual,120.00,,TRUE,TRUE,,,,,FALSE,,,draft
palm-leather-leaf,Palm & Leather Leaf,"<p>A practical mix of broad palm fronds and durable leather leaf ferns, the traditional backbone of arrangement greening. Palm delivers bold tropical shape while leather leaf provides fine, sturdy fill, together covering mechanics and building structure fast.</p><p>Delivered in field bunches, both are tough and long-lasting, making them the economical base green for sympathy work, church arrangements and everyday volume. A dependable trade foliage for florists, planners and hotels in Kingston.</p><ul><li><strong>Stem length:</strong> 40-65cm</li><li><strong>Bloom size:</strong> Mixed fronds; palm 20-40cm, leather leaf 25-35cm</li><li><strong>Vase life:</strong> 10-18 days conditioned</li><li><strong>Conditioning:</strong> Angle-cut, rinse and hydrate in clean water; mist palm fronds to keep them supple.</li></ul>",The New Greenhouse,,Greenery,"channel:wholesale, flower:palm, color:green, occasion:sympathy, occasion:everyday, occasion:corporate, occasion:wedding, customer:florist, customer:event-planner, customer:hotel, format:bunch, season:year-round, type:greenery, price-status:placeholder, image-status:required, content-status:reviewed",FALSE,Pack Size,25 Stems,,,,,TNG-WHL-028-P25,700,shopify,0,deny,manual,35.00,,TRUE,TRUE,,,,,FALSE,Palm & Leather Leaf | Wholesale Greenery Jamaica,Palm and leather leaf fronds in bulk for base greening and structure. Wholesale greenery Jamaica and floral supplies for florists.,draft
palm-leather-leaf,,,,,,,FALSE,,50 Stems,,,,,TNG-WHL-028-P50,700,shopify,0,deny,manual,65.00,,TRUE,TRUE,,,,,FALSE,,,draft
palm-leather-leaf,,,,,,,FALSE,,100 Stems,,,,,TNG-WHL-028-P100,700,shopify,0,deny,manual,120.00,,TRUE,TRUE,,,,,FALSE,,,draft
babys-breath-gypsophila,Baby's Breath (Gypsophila),"<p>Classic baby's breath (gypsophila) bunches loaded with tiny white blooms on fine, branching stems that read as a soft cloud. Enduringly popular both as a delicate filler between focal flowers and, massed on its own, as full ceremony backdrops and hanging clouds.</p><p>Delivered in generous field bunches by weight, giving huge coverage per unit. It conditions quickly and air-dries beautifully. A high-value, hardworking trade staple for florists, planners and hotels across Jamaica.</p><ul><li><strong>Stem length:</strong> 40-60cm</li><li><strong>Bloom size:</strong> Florets 3-6mm in airy sprays</li><li><strong>Vase life:</strong> 7-12 days fresh; air-dries well</li><li><strong>Conditioning:</strong> Angle-cut, hydrate in clean water with flower food; open in a warm room and give good airflow to release the fine buds.</li></ul>",The New Greenhouse,,Floral Filler,"channel:wholesale, flower:babys-breath, color:white-ivory, occasion:wedding, occasion:everyday, occasion:sympathy, occasion:new-baby, occasion:corporate, customer:florist, customer:event-planner, customer:hotel, format:bunch, season:year-round, type:floral-filler, price-status:placeholder, image-status:required, content-status:reviewed",FALSE,Pack Size,25 Stems,,,,,TNG-WHL-029-P25,450,shopify,0,deny,manual,28.00,,TRUE,TRUE,,,,,FALSE,Baby's Breath Gypsophila | Wholesale Filler Jamaica,Cloud-like baby's breath gypsophila in bulk for filler and installs. Wholesale flowers Jamaica and floral supplies for florists in Kingston.,draft
babys-breath-gypsophila,,,,,,,FALSE,,50 Stems,,,,,TNG-WHL-029-P50,450,shopify,0,deny,manual,52.00,,TRUE,TRUE,,,,,FALSE,,,draft
babys-breath-gypsophila,,,,,,,FALSE,,100 Stems,,,,,TNG-WHL-029-P100,450,shopify,0,deny,manual,95.00,,TRUE,TRUE,,,,,FALSE,,,draft
wax-flower,Wax Flower,"<p>Wax flower bunches covered in dainty, waxy, star-shaped blooms and needle-fine aromatic foliage. A textural filler that brings a loose, wildflower feel and gentle fragrance to bouquets, buttonholes and rustic event work.</p><p>Delivered in field bunches by weight, offering excellent coverage and long vase life for the price. The fine foliage lends softness while the small blooms add colour without competing with focal flowers. A versatile trade filler for florists and planners in Kingston.</p><ul><li><strong>Stem length:</strong> 40-60cm</li><li><strong>Bloom size:</strong> Florets 5-8mm in loose sprays</li><li><strong>Vase life:</strong> 8-14 days conditioned</li><li><strong>Conditioning:</strong> Angle-cut, strip lower foliage and hydrate with flower food; avoid crushing the fine stems.</li></ul>",The New Greenhouse,,Floral Filler,"channel:wholesale, flower:wax-flower, color:pink, occasion:wedding, occasion:everyday, occasion:birthday, occasion:corporate, customer:florist, customer:event-planner, customer:hotel, format:bunch, season:seasonal, type:floral-filler, price-status:placeholder, image-status:required, content-status:reviewed",FALSE,Pack Size,25 Stems,,,,,TNG-WHL-030-P25,450,shopify,0,deny,manual,28.00,,TRUE,TRUE,,,,,FALSE,Wax Flower | Wholesale Floral Filler Jamaica,"Aromatic wax flower bunches in bulk for natural, textural filler. Wholesale flowers Jamaica and floral supplies for florists in Kingston.",draft
wax-flower,,,,,,,FALSE,,50 Stems,,,,,TNG-WHL-030-P50,450,shopify,0,deny,manual,52.00,,TRUE,TRUE,,,,,FALSE,,,draft
wax-flower,,,,,,,FALSE,,100 Stems,,,,,TNG-WHL-030-P100,450,shopify,0,deny,manual,95.00,,TRUE,TRUE,,,,,FALSE,,,draft
statice,Statice,"<p>Statice bunches carrying clusters of small, papery blooms in saturated colour on winged, branching stems. A hardworking filler that adds colour blocks and texture, equally at home in fresh arrangements and dried decor since it keeps its shape and shade.</p><p>Delivered in field bunches by weight, statice is exceptionally durable with very long vase life and virtually no wilting. It is one of the best-value fillers in the cooler and a reliable trade choice for florists, planners and hotels across Jamaica.</p><ul><li><strong>Stem length:</strong> 40-60cm</li><li><strong>Bloom size:</strong> Papery clusters 1-2cm</li><li><strong>Vase life:</strong> 10-16 days fresh; dries permanently</li><li><strong>Conditioning:</strong> Angle-cut, strip lower foliage and hydrate in clean water; needs little maintenance and dries as-is.</li></ul>",The New Greenhouse,,Floral Filler,"channel:wholesale, flower:statice, color:purple, occasion:everyday, occasion:wedding, occasion:corporate, occasion:sympathy, customer:florist, customer:event-planner, customer:hotel, format:bunch, season:year-round, type:floral-filler, price-status:placeholder, image-status:required, content-status:reviewed",FALSE,Pack Size,25 Stems,,,,,TNG-WHL-031-P25,500,shopify,0,deny,manual,28.00,,TRUE,TRUE,,,,,FALSE,Statice | Wholesale Floral Filler Jamaica,"Colourful papery statice bunches in bulk, an everlasting filler. Wholesale flowers Jamaica and floral supplies for florists in Kingston.",draft
statice,,,,,,,FALSE,,50 Stems,,,,,TNG-WHL-031-P50,500,shopify,0,deny,manual,52.00,,TRUE,TRUE,,,,,FALSE,,,draft
statice,,,,,,,FALSE,,100 Stems,,,,,TNG-WHL-031-P100,500,shopify,0,deny,manual,95.00,,TRUE,TRUE,,,,,FALSE,,,draft
solidago,Solidago,"<p>Solidago bunches topped with feathery plumes of tiny golden-yellow blooms on slender, branching stems. A cheerful filler that adds warmth, height and a soft, meadow-like texture, lifting mixed bouquets and bringing airiness to arrangements.</p><p>Delivered in field bunches by weight for generous coverage. Solidago conditions easily and lasts well, pairing naturally with roses, lilies and sunflowers. A bright, economical trade filler for florists, planners and hotels in Kingston.</p><ul><li><strong>Stem length:</strong> 50-70cm</li><li><strong>Bloom size:</strong> Feathery plumes 8-15cm</li><li><strong>Vase life:</strong> 7-12 days conditioned</li><li><strong>Conditioning:</strong> Angle-cut, strip lower foliage and hydrate with flower food; keep water clean as fine foliage can foul it.</li></ul>",The New Greenhouse,,Floral Filler,"channel:wholesale, flower:solidago, color:yellow-orange, occasion:everyday, occasion:wedding, occasion:birthday, occasion:corporate, occasion:congratulations, customer:florist, customer:event-planner, customer:hotel, format:bunch, season:year-round, type:floral-filler, price-status:placeholder, image-status:required, content-status:reviewed",FALSE,Pack Size,25 Stems,,,,,TNG-WHL-032-P25,500,shopify,0,deny,manual,28.00,,TRUE,TRUE,,,,,FALSE,Solidago | Wholesale Floral Filler Jamaica,"Feathery yellow solidago bunches in bulk for bright, airy filler. Wholesale flowers Jamaica and floral supplies for florists in Kingston.",draft
solidago,,,,,,,FALSE,,50 Stems,,,,,TNG-WHL-032-P50,500,shopify,0,deny,manual,52.00,,TRUE,TRUE,,,,,FALSE,,,draft
solidago,,,,,,,FALSE,,100 Stems,,,,,TNG-WHL-032-P100,500,shopify,0,deny,manual,95.00,,TRUE,TRUE,,,,,FALSE,,,draft
birthday-brights-bouquet,Birthday Brights Bouquet,"<p>Say happy birthday with a burst of colour. This hand-tied bouquet mixes sunny gerberas, roses and seasonal blooms in warm yellows, oranges and hot pink, finished with fresh greenery for a lively, celebratory look.</p><p>Arranged to order by our Kingston florists and ready to gift straight from the box or dropped into a favourite vase at home.</p><ul><li><strong>Style:</strong> Bright, mixed hand-tied bouquet</li><li><strong>Colours:</strong> Yellow, orange, pink accents</li><li><strong>Care:</strong> Trim stems and refresh water every 2-3 days</li></ul>",The New Greenhouse,,Floral Arrangement,"channel:retail, flower:mixed, color:yellow-orange, color:pink, color:mixed, occasion:birthday, customer:retail-shopper, format:bouquet, season:year-round, type:floral-arrangement, price-status:placeholder, image-status:required, content-status:reviewed",FALSE,Size,Classic,,,,,TNG-RTL-001-CLS,1400,shopify,0,deny,manual,65.00,,TRUE,TRUE,,,,,FALSE,Birthday Brights Bouquet | The New Greenhouse,"Send a bright, cheerful birthday bouquet of mixed seasonal blooms. Fresh flowers delivered across Kingston, Jamaica.",draft
birthday-brights-bouquet,,,,,,,FALSE,,Grand,,,,,TNG-RTL-001-GRD,1400,shopify,0,deny,manual,95.00,,TRUE,TRUE,,,,,FALSE,,,draft
birthday-brights-bouquet,,,,,,,FALSE,,Signature,,,,,TNG-RTL-001-SIG,1400,shopify,0,deny,manual,135.00,,TRUE,TRUE,,,,,FALSE,,,draft
classic-birthday-blooms,Classic Birthday Blooms,"<p>An elegant, understated way to mark a birthday. This bouquet pairs soft roses with complementary seasonal flowers and greenery in a gentle, balanced palette that suits almost anyone on your list.</p><p>Hand-arranged by our florists and presented ready to gift, it is a dependable choice when you want something graceful rather than loud.</p><ul><li><strong>Style:</strong> Classic mixed bouquet with roses</li><li><strong>Colours:</strong> Soft pink, cream and white tones</li><li><strong>Care:</strong> Recut stems and top up water regularly</li></ul>",The New Greenhouse,,Floral Arrangement,"channel:retail, flower:mixed, color:pink, color:white-ivory, color:mixed, occasion:birthday, customer:retail-shopper, format:bouquet, season:year-round, type:floral-arrangement, price-status:placeholder, image-status:required, content-status:reviewed",FALSE,Size,Classic,,,,,TNG-RTL-002-CLS,1400,shopify,0,deny,manual,65.00,,TRUE,TRUE,,,,,FALSE,Classic Birthday Blooms | The New Greenhouse,"A timeless birthday bouquet of roses and seasonal blooms. Order fresh flowers for delivery in Kingston, Jamaica.",draft
classic-birthday-blooms,,,,,,,FALSE,,Grand,,,,,TNG-RTL-002-GRD,1400,shopify,0,deny,manual,95.00,,TRUE,TRUE,,,,,FALSE,,,draft
anniversary-rose-bouquet,Anniversary Rose Bouquet,"<p>Mark the years together with a generous bouquet of premium roses. Full, fragrant blooms are hand-tied with soft greenery for a romantic, classic gift that speaks for itself.</p><p>Each bouquet is arranged to order by our Kingston florists and presented ready to give or display at home.</p><ul><li><strong>Style:</strong> Premium rose hand-tied bouquet</li><li><strong>Colours:</strong> Red or blush, chosen at checkout by size</li><li><strong>Care:</strong> Trim stems and refresh water for longest vase life</li></ul>",The New Greenhouse,,Floral Arrangement,"channel:retail, flower:rose, color:red, color:pink, occasion:anniversary, occasion:romance, customer:retail-shopper, format:bouquet, season:year-round, type:floral-arrangement, price-status:placeholder, image-status:required, content-status:reviewed",FALSE,Size,Classic,,,,,TNG-RTL-003-CLS,1500,shopify,0,deny,manual,65.00,,TRUE,TRUE,,,,,FALSE,Anniversary Rose Bouquet | The New Greenhouse,"Celebrate your anniversary with a romantic bouquet of premium roses. Fresh flowers delivered in Kingston, Jamaica.",draft
anniversary-rose-bouquet,,,,,,,FALSE,,Grand,,,,,TNG-RTL-003-GRD,1500,shopify,0,deny,manual,95.00,,TRUE,TRUE,,,,,FALSE,,,draft
anniversary-rose-bouquet,,,,,,,FALSE,,Signature,,,,,TNG-RTL-003-SIG,1500,shopify,0,deny,manual,135.00,,TRUE,TRUE,,,,,FALSE,,,draft
anniversary-luxe-arrangement,Anniversary Luxe Arrangement,"<p>For a milestone worth marking, this luxe arrangement brings together roses, lilies and lush greenery in a designed vase presentation. Layered textures and a refined palette make it a memorable centrepiece.</p><p>Designed and arranged by our florists, it arrives in its vase ready to display with minimal fuss.</p><ul><li><strong>Style:</strong> Designed vase arrangement</li><li><strong>Colours:</strong> Rich reds, blush and ivory tones</li><li><strong>Care:</strong> Keep water topped up; remove spent blooms as they fade</li></ul>",The New Greenhouse,,Floral Arrangement,"channel:retail, flower:mixed, color:red, color:white-ivory, color:pink, occasion:anniversary, occasion:romance, customer:retail-shopper, customer:corporate, format:arrangement, season:year-round, type:floral-arrangement, price-status:placeholder, image-status:required, content-status:reviewed",FALSE,Size,Grand,,,,,TNG-RTL-004-GRD,2200,shopify,0,deny,manual,95.00,,TRUE,TRUE,,,,,FALSE,Anniversary Luxe Arrangement | New Greenhouse,"A lavish anniversary arrangement of roses and lilies in a vase. Luxury flowers delivered across Kingston, Jamaica.",draft
anniversary-luxe-arrangement,,,,,,,FALSE,,Signature,,,,,TNG-RTL-004-SIG,2200,shopify,0,deny,manual,135.00,,TRUE,TRUE,,,,,FALSE,,,draft
red-rose-romance-bouquet,Red Rose Romance Bouquet,"<p>The timeless way to say I love you. Deep red roses are hand-tied with fresh greenery into a full, romantic bouquet that needs no explanation.</p><p>Arranged to order by our Kingston florists and presented ready to gift, this is the bouquet to reach for when only red roses will do.</p><ul><li><strong>Style:</strong> Red rose hand-tied bouquet</li><li><strong>Colours:</strong> Deep red with green foliage</li><li><strong>Care:</strong> Recut stems and change water every two days</li></ul>",The New Greenhouse,,Floral Arrangement,"channel:retail, flower:rose, color:red, occasion:romance, customer:retail-shopper, format:bouquet, season:year-round, type:floral-arrangement, price-status:placeholder, image-status:required, content-status:reviewed",FALSE,Size,Classic,,,,,TNG-RTL-005-CLS,1500,shopify,0,deny,manual,65.00,,TRUE,TRUE,,,,,FALSE,Red Rose Romance Bouquet | The New Greenhouse,"A classic bouquet of deep red roses to say I love you. Romantic flowers delivered in Kingston, Jamaica.",draft
red-rose-romance-bouquet,,,,,,,FALSE,,Grand,,,,,TNG-RTL-005-GRD,1500,shopify,0,deny,manual,95.00,,TRUE,TRUE,,,,,FALSE,,,draft
red-rose-romance-bouquet,,,,,,,FALSE,,Signature,,,,,TNG-RTL-005-SIG,1500,shopify,0,deny,manual,135.00,,TRUE,TRUE,,,,,FALSE,,,draft
blush-romance-bouquet,Blush Romance Bouquet,"<p>Romance with a softer touch. Blush and pink roses are hand-tied with delicate greenery for a bouquet that feels tender and understated rather than bold.</p><p>Hand-arranged by our florists and ready to gift, it is a lovely choice for early romance, date nights and quiet gestures of affection.</p><ul><li><strong>Style:</strong> Blush rose hand-tied bouquet</li><li><strong>Colours:</strong> Blush and soft pink</li><li><strong>Care:</strong> Trim stems and keep water fresh</li></ul>",The New Greenhouse,,Floral Arrangement,"channel:retail, flower:rose, color:pink, color:white-ivory, occasion:romance, customer:retail-shopper, format:bouquet, season:year-round, type:floral-arrangement, price-status:placeholder, image-status:required, content-status:reviewed",FALSE,Size,Classic,,,,,TNG-RTL-006-CLS,1400,shopify,0,deny,manual,65.00,,TRUE,TRUE,,,,,FALSE,Blush Romance Bouquet | The New Greenhouse,"A soft bouquet of blush and pink roses for a tender romantic gesture. Flowers delivered in Kingston, Jamaica.",draft
blush-romance-bouquet,,,,,,,FALSE,,Grand,,,,,TNG-RTL-006-GRD,1400,shopify,0,deny,manual,95.00,,TRUE,TRUE,,,,,FALSE,,,draft
congratulations-bright-bouquet,Congratulations Bright Bouquet,"<p>Cheer on someone's good news with a bouquet full of energy. Bright roses, gerberas and seasonal blooms come together in bold, joyful colour to mark a promotion, graduation or well-earned achievement.</p><p>Hand-tied to order by our Kingston florists and ready to gift the moment it arrives.</p><ul><li><strong>Style:</strong> Bright mixed hand-tied bouquet</li><li><strong>Colours:</strong> Vivid mixed brights</li><li><strong>Care:</strong> Recut stems and refresh water every few days</li></ul>",The New Greenhouse,,Floral Arrangement,"channel:retail, flower:mixed, color:mixed, color:yellow-orange, color:pink, occasion:congratulations, customer:retail-shopper, customer:corporate, format:bouquet, season:year-round, type:floral-arrangement, price-status:placeholder, image-status:required, content-status:reviewed",FALSE,Size,Classic,,,,,TNG-RTL-007-CLS,1400,shopify,0,deny,manual,65.00,,TRUE,TRUE,,,,,FALSE,Congratulations Bright Bouquet | New Greenhouse,"A vibrant congratulations bouquet for a new job or graduation. Celebration flowers delivered in Kingston, Jamaica.",draft
congratulations-bright-bouquet,,,,,,,FALSE,,Grand,,,,,TNG-RTL-007-GRD,1400,shopify,0,deny,manual,95.00,,TRUE,TRUE,,,,,FALSE,,,draft
congratulations-bright-bouquet,,,,,,,FALSE,,Signature,,,,,TNG-RTL-007-SIG,1400,shopify,0,deny,manual,135.00,,TRUE,TRUE,,,,,FALSE,,,draft
congratulations-elegant-arrangement,Congratulations Elegant Arrangement,"<p>A refined way to say well done. This designed vase arrangement blends roses, lilies and seasonal flowers in a graceful palette, making it as suitable for the office as it is for home.</p><p>Arranged by our florists and delivered in its vase, it is an easy, elegant choice for corporate congratulations and personal milestones alike.</p><ul><li><strong>Style:</strong> Designed vase arrangement</li><li><strong>Colours:</strong> Refined mixed tones</li><li><strong>Care:</strong> Top up water and keep out of direct sun</li></ul>",The New Greenhouse,,Floral Arrangement,"channel:retail, flower:mixed, color:mixed, color:white-ivory, occasion:congratulations, occasion:corporate, customer:retail-shopper, customer:corporate, format:arrangement, season:year-round, type:floral-arrangement, price-status:placeholder, image-status:required, content-status:reviewed",FALSE,Size,Grand,,,,,TNG-RTL-008-GRD,2100,shopify,0,deny,manual,95.00,,TRUE,TRUE,,,,,FALSE,Congratulations Elegant Arrangement | Greenhouse,"An elegant vase arrangement to congratulate a colleague or client. Corporate flowers delivered in Kingston, Jamaica.",draft
congratulations-elegant-arrangement,,,,,,,FALSE,,Signature,,,,,TNG-RTL-008-SIG,2100,shopify,0,deny,manual,135.00,,TRUE,TRUE,,,,,FALSE,,,draft
new-baby-soft-pink-bouquet,New Baby Soft Pink Bouquet,"<p>Welcome a new arrival with a bouquet as gentle as the occasion. Soft pink roses and seasonal blooms are hand-tied with fresh greenery for a sweet, tender gift for new parents.</p><p>Arranged to order by our Kingston florists and presented ready to gift or display on the nursery shelf.</p><ul><li><strong>Style:</strong> Soft pink hand-tied bouquet</li><li><strong>Colours:</strong> Pale pink and cream</li><li><strong>Care:</strong> Trim stems and keep water fresh</li></ul>",The New Greenhouse,,Floral Arrangement,"channel:retail, flower:mixed, color:pink, color:white-ivory, occasion:new-baby, customer:retail-shopper, format:bouquet, season:year-round, type:floral-arrangement, price-status:placeholder, image-status:required, content-status:reviewed",FALSE,Size,Classic,,,,,TNG-RTL-009-CLS,1300,shopify,0,deny,manual,65.00,,TRUE,TRUE,,,,,FALSE,New Baby Soft Pink Bouquet | The New Greenhouse,"A gentle soft pink bouquet to welcome a baby girl. New baby flowers delivered across Kingston, Jamaica.",draft
new-baby-soft-pink-bouquet,,,,,,,FALSE,,Grand,,,,,TNG-RTL-009-GRD,1300,shopify,0,deny,manual,95.00,,TRUE,TRUE,,,,,FALSE,,,draft
new-baby-neutral-bouquet,New Baby Neutral Bouquet,"<p>A gender-neutral way to say congratulations to new parents. This bouquet keeps to calm ivory, white and soft green tones, hand-tied with fresh greenery for a serene, welcoming gift.</p><p>Arranged to order by our Kingston florists and ready to gift or display in the family home.</p><ul><li><strong>Style:</strong> Neutral ivory and green bouquet</li><li><strong>Colours:</strong> Ivory, white and green</li><li><strong>Care:</strong> Recut stems and refresh water regularly</li></ul>",The New Greenhouse,,Floral Arrangement,"channel:retail, flower:mixed, color:white-ivory, color:green, occasion:new-baby, customer:retail-shopper, format:bouquet, season:year-round, type:floral-arrangement, price-status:placeholder, image-status:required, content-status:reviewed",FALSE,Size,Classic,,,,,TNG-RTL-010-CLS,1300,shopify,0,deny,manual,65.00,,TRUE,TRUE,,,,,FALSE,New Baby Neutral Bouquet | The New Greenhouse,"A calm ivory and green bouquet to welcome a new baby. New baby flowers delivered in Kingston, Jamaica.",draft
new-baby-neutral-bouquet,,,,,,,FALSE,,Grand,,,,,TNG-RTL-010-GRD,1300,shopify,0,deny,manual,95.00,,TRUE,TRUE,,,,,FALSE,,,draft
get-well-sunshine-bouquet,Get Well Sunshine Bouquet,<p>Send a little sunshine to someone under the weather. Warm yellow and orange blooms are hand-tied with fresh greenery for an uplifting bouquet that brings light to a bedside or living room.</p><p>Arranged to order by our Kingston florists and presented ready to gift or drop into a vase.</p><ul><li><strong>Style:</strong> Sunny mixed hand-tied bouquet</li><li><strong>Colours:</strong> Yellow and orange</li><li><strong>Care:</strong> Trim stems and keep water fresh</li></ul>,The New Greenhouse,,Floral Arrangement,"channel:retail, flower:mixed, color:yellow-orange, occasion:get-well, customer:retail-shopper, format:bouquet, season:year-round, type:floral-arrangement, price-status:placeholder, image-status:required, content-status:reviewed",FALSE,Size,Classic,,,,,TNG-RTL-011-CLS,1300,shopify,0,deny,manual,65.00,,TRUE,TRUE,,,,,FALSE,Get Well Sunshine Bouquet | The New Greenhouse,"A cheerful yellow and orange get well bouquet to lift the spirits. Flowers delivered across Kingston, Jamaica.",draft
get-well-sunshine-bouquet,,,,,,,FALSE,,Grand,,,,,TNG-RTL-011-GRD,1300,shopify,0,deny,manual,95.00,,TRUE,TRUE,,,,,FALSE,,,draft
get-well-soft-pastels,Get Well Soft Pastels,"<p>A gentle bouquet for someone who needs rest more than fanfare. Soft pastel roses and seasonal blooms are hand-tied in calming pinks, lilacs and creams for a soothing, thoughtful gift.</p><p>Arranged to order by our Kingston florists and ready to gift straight to a bedside or home.</p><ul><li><strong>Style:</strong> Soft pastel hand-tied bouquet</li><li><strong>Colours:</strong> Pink, lilac and cream</li><li><strong>Care:</strong> Recut stems and refresh water regularly</li></ul>",The New Greenhouse,,Floral Arrangement,"channel:retail, flower:mixed, color:pink, color:purple, color:white-ivory, occasion:get-well, customer:retail-shopper, format:bouquet, season:year-round, type:floral-arrangement, price-status:placeholder, image-status:required, content-status:reviewed",FALSE,Size,Classic,,,,,TNG-RTL-012-CLS,1300,shopify,0,deny,manual,65.00,,TRUE,TRUE,,,,,FALSE,Get Well Soft Pastels | The New Greenhouse,"A soothing pastel get well bouquet to send comfort and calm. Fresh flowers delivered in Kingston, Jamaica.",draft
get-well-soft-pastels,,,,,,,FALSE,,Grand,,,,,TNG-RTL-012-GRD,1300,shopify,0,deny,manual,95.00,,TRUE,TRUE,,,,,FALSE,,,draft
designers-choice-bouquet,Designer's Choice Bouquet,"<p>Trust our florists to do what they do best. With a Designer's Choice bouquet, we hand-tie the freshest flowers available on the day into a balanced, beautiful arrangement, tailored to your chosen size.</p><p>Ideal when you want something lovely and are happy to leave the styling to us. Colours and blooms will reflect the best of current stock.</p><ul><li><strong>Style:</strong> Florist's choice hand-tied bouquet</li><li><strong>Colours:</strong> Chosen by our florists from fresh stock</li><li><strong>Care:</strong> Trim stems and refresh water every few days</li></ul>",The New Greenhouse,,Floral Arrangement,"channel:retail, flower:mixed, color:mixed, occasion:everyday, customer:retail-shopper, customer:corporate, format:bouquet, season:year-round, type:floral-arrangement, price-status:placeholder, image-status:required, content-status:reviewed",FALSE,Size,Classic,,,,,TNG-RTL-013-CLS,1400,shopify,0,deny,manual,65.00,,TRUE,TRUE,,,,,FALSE,Designer's Choice Bouquet | The New Greenhouse,"A florist-designed bouquet made from the freshest blooms of the day. Fresh flowers delivered in Kingston, Jamaica.",draft
designers-choice-bouquet,,,,,,,FALSE,,Grand,,,,,TNG-RTL-013-GRD,1400,shopify,0,deny,manual,95.00,,TRUE,TRUE,,,,,FALSE,,,draft
designers-choice-bouquet,,,,,,,FALSE,,Signature,,,,,TNG-RTL-013-SIG,1400,shopify,0,deny,manual,135.00,,TRUE,TRUE,,,,,FALSE,,,draft
seasonal-market-bunch,Seasonal Market Bunch,"<p>A fuss-free, just-picked style bunch to brighten a kitchen table or welcome a guest. We gather the season's freshest flowers and foliage into a relaxed, natural bunch that feels effortless.</p><p>Perfect for treating yourself or a friend for no particular reason. Contents change with the season and the day's harvest.</p><ul><li><strong>Style:</strong> Relaxed gathered market bunch</li><li><strong>Colours:</strong> Seasonal mix</li><li><strong>Care:</strong> Recut stems and keep water fresh</li></ul>",The New Greenhouse,,Floral Arrangement,"channel:retail, flower:mixed, color:mixed, occasion:everyday, customer:retail-shopper, format:bouquet, season:seasonal, type:floral-arrangement, price-status:placeholder, image-status:required, content-status:reviewed",FALSE,Size,Classic,,,,,TNG-RTL-014-CLS,1200,shopify,0,deny,manual,65.00,,TRUE,TRUE,,,,,FALSE,Seasonal Market Bunch | The New Greenhouse,"A relaxed gathered bunch of the season's freshest flowers. Everyday blooms delivered across Kingston, Jamaica.",draft
seasonal-market-bunch,,,,,,,FALSE,,Grand,,,,,TNG-RTL-014-GRD,1200,shopify,0,deny,manual,95.00,,TRUE,TRUE,,,,,FALSE,,,draft
everyday-ivory-elegance,Everyday Ivory Elegance,"<p>Quiet elegance for everyday spaces. This bouquet keeps to a crisp ivory and white palette with fresh greenery, creating a clean, sophisticated look that works in a home or on a desk.</p><p>Hand-tied by our florists and ready to gift or display, it is a versatile choice when you want something simple and refined.</p><ul><li><strong>Style:</strong> All-white hand-tied bouquet</li><li><strong>Colours:</strong> Ivory, white and green</li><li><strong>Care:</strong> Recut stems and refresh water regularly</li></ul>",The New Greenhouse,,Floral Arrangement,"channel:retail, flower:mixed, color:white-ivory, color:green, occasion:everyday, customer:retail-shopper, customer:corporate, format:bouquet, season:year-round, type:floral-arrangement, price-status:placeholder, image-status:required, content-status:reviewed",FALSE,Size,Classic,,,,,TNG-RTL-015-CLS,1400,shopify,0,deny,manual,65.00,,TRUE,TRUE,,,,,FALSE,Everyday Ivory Elegance | The New Greenhouse,"A refined ivory and white bouquet for any room or occasion. Elegant flowers delivered in Kingston, Jamaica.",draft
everyday-ivory-elegance,,,,,,,FALSE,,Grand,,,,,TNG-RTL-015-GRD,1400,shopify,0,deny,manual,95.00,,TRUE,TRUE,,,,,FALSE,,,draft
everyday-ivory-elegance,,,,,,,FALSE,,Signature,,,,,TNG-RTL-015-SIG,1400,shopify,0,deny,manual,135.00,,TRUE,TRUE,,,,,FALSE,,,draft
modern-mixed-bouquet,Modern Mixed Bouquet,"<p>A fresh, contemporary take on the everyday bouquet. We combine structured blooms with textural foliage in a considered palette for a modern, design-led look that feels current.</p><p>Hand-tied by our florists and ready to gift or display, it suits a stylish home or a modern workspace equally well.</p><ul><li><strong>Style:</strong> Contemporary mixed hand-tied bouquet</li><li><strong>Colours:</strong> Considered modern mix</li><li><strong>Care:</strong> Recut stems and keep water fresh</li></ul>",The New Greenhouse,,Floral Arrangement,"channel:retail, flower:mixed, color:mixed, occasion:everyday, customer:retail-shopper, customer:corporate, format:bouquet, season:year-round, type:floral-arrangement, price-status:placeholder, image-status:required, content-status:reviewed",FALSE,Size,Classic,,,,,TNG-RTL-016-CLS,1400,shopify,0,deny,manual,65.00,,TRUE,TRUE,,,,,FALSE,Modern Mixed Bouquet | The New Greenhouse,"A contemporary mixed bouquet with clean lines and modern colour. Fresh flowers delivered in Kingston, Jamaica.",draft
modern-mixed-bouquet,,,,,,,FALSE,,Grand,,,,,TNG-RTL-016-GRD,1400,shopify,0,deny,manual,95.00,,TRUE,TRUE,,,,,FALSE,,,draft
modern-mixed-bouquet,,,,,,,FALSE,,Signature,,,,,TNG-RTL-016-SIG,1400,shopify,0,deny,manual,135.00,,TRUE,TRUE,,,,,FALSE,,,draft
standing-spray-classic-white,Standing Spray — Classic White,"<p>A dignified standing spray designed for funeral services and memorials, arranged on a floral easel so it stands beautifully beside the casket or at the front of the room. White oriental lilies, roses and chrysanthemums are gathered with lush greenery for a calm, timeless presence.</p><p>Our team prepares each tribute by hand and can coordinate delivery to the service on your behalf, so you have one less thing to think about during a difficult time.</p><ul><li><strong>Style:</strong> One-sided spray on a wire easel</li><li><strong>Palette:</strong> All-white with fresh greenery</li><li><strong>Presentation:</strong> Ready to display on arrival; ribbon banner available on request</li><li><strong>Care:</strong> Keep out of direct sun and away from heat until the service</li></ul>",The New Greenhouse,,Sympathy Arrangement,"channel:retail, channel:wholesale, flower:lily, color:white-ivory, color:green, occasion:sympathy, customer:retail-shopper, customer:corporate, format:standing-spray, season:year-round, type:sympathy-arrangement, price-status:placeholder, image-status:required, content-status:reviewed",FALSE,Title,Default Title,,,,,TNG-SYM-001,6000,shopify,0,deny,manual,240.00,,TRUE,TRUE,,,,,FALSE,Standing Spray Classic White | Sympathy Flowers JA,"Classic white standing spray of lilies and roses on an easel. Sympathy flowers in Jamaica, delivered across Kingston & St. Andrew.",draft
standing-spray-mixed-tribute,Standing Spray — Mixed Tribute,"<p>A warm, comforting standing spray for those who prefer soft colour rather than all-white. Blush and cream roses, lilies and seasonal blooms are arranged with greenery on a floral easel, creating a gentle tribute that feels personal and heartfelt.</p><p>Each spray is built by hand and can be delivered directly to the service. A ribbon banner can be added if you would like to include a name or a few words.</p><ul><li><strong>Style:</strong> One-sided spray on a wire easel</li><li><strong>Palette:</strong> Soft mixed tones with greenery</li><li><strong>Presentation:</strong> Ready to display on arrival</li><li><strong>Care:</strong> Keep cool and shaded until the service</li></ul>",The New Greenhouse,,Sympathy Arrangement,"channel:retail, channel:wholesale, flower:mixed, color:mixed, color:pink, color:white-ivory, occasion:sympathy, customer:retail-shopper, customer:corporate, format:standing-spray, season:year-round, type:sympathy-arrangement, price-status:placeholder, image-status:required, content-status:reviewed",FALSE,Title,Default Title,,,,,TNG-SYM-002,6000,shopify,0,deny,manual,240.00,,TRUE,TRUE,,,,,FALSE,Mixed Tribute Standing Spray | Sympathy Flowers JA,"Soft mixed-tone standing spray on an easel for a service. Sympathy flowers Jamaica, arranged and delivered in Kingston & St. Andrew.",draft
sympathy-wreath-ivory-greenery,Sympathy Wreath — Ivory & Greenery,"<p>A traditional circular wreath expressing enduring remembrance, arranged on a floral ring with ivory roses, chrysanthemums and layered greenery. The rounded form is a quiet, classic gesture suited to a service, graveside or memorial.</p><p>Every wreath is assembled by hand and can be delivered to the venue on the day. We are glad to coordinate the details so the tribute arrives ready to display.</p><ul><li><strong>Style:</strong> Round floral wreath on a ring base</li><li><strong>Palette:</strong> Ivory blooms with mixed greenery</li><li><strong>Presentation:</strong> Ready to display; easel or stand available on request</li><li><strong>Care:</strong> Keep shaded and cool until the service</li></ul>",The New Greenhouse,,Sympathy Arrangement,"channel:retail, channel:wholesale, flower:chrysanthemum, color:white-ivory, color:green, occasion:sympathy, customer:retail-shopper, customer:corporate, format:wreath, season:year-round, type:sympathy-arrangement, price-status:placeholder, image-status:required, content-status:reviewed",FALSE,Title,Default Title,,,,,TNG-SYM-003,4500,shopify,0,deny,manual,240.00,,TRUE,TRUE,,,,,FALSE,Sympathy Wreath Ivory & Greenery | Kingston JA,"Round ivory-and-greenery sympathy wreath for a service or graveside. Sympathy flowers Jamaica, delivered across Kingston & St. Andrew.",draft
casket-spray-full-ivory,Casket Spray — Full Ivory,"<p>A full casket spray created as the central floral tribute of a funeral, designed to rest gracefully across the casket. Ivory roses, oriental lilies and chrysanthemums are gathered with soft greenery into a generous, flowing form that reads as calm and dignified.</p><p>As one of the most personal tributes a family can give, this piece is arranged with particular care and delivered to the funeral home or church for the service.</p><ul><li><strong>Style:</strong> Full-length spray to rest across the casket</li><li><strong>Palette:</strong> All-ivory with lush greenery</li><li><strong>Presentation:</strong> Delivered ready to place</li><li><strong>Care:</strong> Keep cool and shaded until the service</li></ul>",The New Greenhouse,,Sympathy Arrangement,"channel:retail, channel:wholesale, flower:rose, color:white-ivory, color:green, occasion:sympathy, customer:retail-shopper, customer:corporate, format:casket-spray, season:year-round, type:sympathy-arrangement, price-status:placeholder, image-status:required, content-status:reviewed",FALSE,Title,Default Title,,,,,TNG-SYM-004,7000,shopify,0,deny,manual,240.00,,TRUE,TRUE,,,,,FALSE,Full Ivory Casket Spray | Sympathy Flowers Jamaica,"Full ivory casket spray of roses and lilies for a funeral. Sympathy flowers Jamaica, delivered to churches and funeral homes in Kingston.",draft
peaceful-whites-hand-tied-bouquet,Peaceful Whites Hand-Tied Bouquet,"<p>A gentle hand-tied bouquet of white roses, lilies and chrysanthemums with soft greenery, sent as a quiet expression of comfort. Its calm, all-white palette suits a home, a family, or anyone you wish to hold close in thought.</p><p>Each bouquet is tied by hand and can be delivered ready to place in a vase. Choose a larger size for a fuller, more generous gesture.</p><ul><li><strong>Style:</strong> Hand-tied bouquet, ready for a vase</li><li><strong>Palette:</strong> White and ivory with greenery</li><li><strong>Sizes:</strong> Standard, Deluxe and Premium</li><li><strong>Care:</strong> Trim stems and change water every couple of days</li></ul>",The New Greenhouse,,Sympathy Arrangement,"channel:retail, flower:rose, color:white-ivory, color:green, occasion:sympathy, customer:retail-shopper, customer:corporate, format:bouquet, season:year-round, type:sympathy-arrangement, price-status:placeholder, image-status:required, content-status:reviewed",FALSE,Size,Standard,,,,,TNG-SYM-005-STD,1600,shopify,0,deny,manual,110.00,,TRUE,TRUE,,,,,FALSE,Peaceful Whites Sympathy Bouquet | Kingston JA,"White hand-tied sympathy bouquet of roses and lilies to comfort a family. Sympathy flowers Jamaica, delivered in Kingston & St. Andrew.",draft
peaceful-whites-hand-tied-bouquet,,,,,,,FALSE,,Deluxe,,,,,TNG-SYM-005-DLX,1600,shopify,0,deny,manual,160.00,,TRUE,TRUE,,,,,FALSE,,,draft
peaceful-whites-hand-tied-bouquet,,,,,,,FALSE,,Premium,,,,,TNG-SYM-005-PRM,1600,shopify,0,deny,manual,220.00,,TRUE,TRUE,,,,,FALSE,,,draft
serene-sympathy-bouquet,Serene Sympathy Bouquet,"<p>A softly toned hand-tied bouquet in cream and blush with gentle greenery, for those who find comfort in quiet colour. Roses, lilies and seasonal blooms are gathered by hand into a calm, graceful bouquet that carries a heartfelt message of care.</p><p>Delivered ready to place in a vase, it can be sent to a home or to the family. Larger sizes offer a fuller, more generous arrangement.</p><ul><li><strong>Style:</strong> Hand-tied bouquet, ready for a vase</li><li><strong>Palette:</strong> Cream and blush with greenery</li><li><strong>Sizes:</strong> Standard, Deluxe and Premium</li><li><strong>Care:</strong> Trim stems and refresh the water regularly</li></ul>",The New Greenhouse,,Sympathy Arrangement,"channel:retail, flower:mixed, color:white-ivory, color:pink, occasion:sympathy, customer:retail-shopper, customer:corporate, format:bouquet, season:year-round, type:sympathy-arrangement, price-status:placeholder, image-status:required, content-status:reviewed",FALSE,Size,Standard,,,,,TNG-SYM-006-STD,1600,shopify,0,deny,manual,110.00,,TRUE,TRUE,,,,,FALSE,Serene Sympathy Bouquet | Sympathy Flowers Jamaica,"Soft cream-and-blush sympathy bouquet, hand-tied and delivered. Sympathy flowers Jamaica across Kingston & St. Andrew, sent with care.",draft
serene-sympathy-bouquet,,,,,,,FALSE,,Deluxe,,,,,TNG-SYM-006-DLX,1600,shopify,0,deny,manual,160.00,,TRUE,TRUE,,,,,FALSE,,,draft
serene-sympathy-bouquet,,,,,,,FALSE,,Premium,,,,,TNG-SYM-006-PRM,1600,shopify,0,deny,manual,220.00,,TRUE,TRUE,,,,,FALSE,,,draft
tribute-basket-arrangement,Tribute Basket Arrangement,"<p>A comforting basket arrangement of white and cream roses, lilies and chrysanthemums with soft greenery, designed to sit beautifully on a table or beside a service. The low, gathered form is easy to place and easy to keep, offering a lasting presence in the days that follow.</p><p>Arranged by hand in a basket and delivered ready to display. Larger sizes add height, fullness and additional blooms.</p><ul><li><strong>Style:</strong> Gathered arrangement in a basket</li><li><strong>Palette:</strong> White and cream with greenery</li><li><strong>Sizes:</strong> Standard, Deluxe and Premium</li><li><strong>Care:</strong> Keep the basket foam moist and out of direct sun</li></ul>",The New Greenhouse,,Sympathy Arrangement,"channel:retail, channel:wholesale, flower:lily, color:white-ivory, color:green, occasion:sympathy, customer:retail-shopper, customer:corporate, format:arrangement, season:year-round, type:sympathy-arrangement, price-status:placeholder, image-status:required, content-status:reviewed",FALSE,Size,Standard,,,,,TNG-SYM-007-STD,3000,shopify,0,deny,manual,110.00,,TRUE,TRUE,,,,,FALSE,Sympathy Tribute Basket Arrangement | Kingston JA,"White-and-cream sympathy basket arrangement for a home or service. Sympathy flowers Jamaica, delivered across Kingston & St. Andrew.",draft
tribute-basket-arrangement,,,,,,,FALSE,,Deluxe,,,,,TNG-SYM-007-DLX,3000,shopify,0,deny,manual,160.00,,TRUE,TRUE,,,,,FALSE,,,draft
tribute-basket-arrangement,,,,,,,FALSE,,Premium,,,,,TNG-SYM-007-PRM,3000,shopify,0,deny,manual,220.00,,TRUE,TRUE,,,,,FALSE,,,draft
memorial-vase-arrangement,Memorial Vase Arrangement,"<p>An upright vase arrangement of white lilies, roses and chrysanthemums with layered greenery, offering a calm and lasting presence in a home. The classic vase form means it can be received and enjoyed with no arranging needed.</p><p>Each arrangement is composed by hand in its own vase and delivered ready to place. Larger sizes bring more height and a fuller gathering of blooms.</p><ul><li><strong>Style:</strong> Upright arrangement in a keepsake vase</li><li><strong>Palette:</strong> White and ivory with greenery</li><li><strong>Sizes:</strong> Standard, Deluxe and Premium</li><li><strong>Care:</strong> Keep water topped up and place away from direct sun</li></ul>",The New Greenhouse,,Sympathy Arrangement,"channel:retail, channel:wholesale, flower:lily, color:white-ivory, color:green, occasion:sympathy, customer:retail-shopper, customer:corporate, format:arrangement, season:year-round, type:sympathy-arrangement, price-status:placeholder, image-status:required, content-status:reviewed",FALSE,Size,Standard,,,,,TNG-SYM-008-STD,2800,shopify,0,deny,manual,110.00,,TRUE,TRUE,,,,,FALSE,Memorial Vase Arrangement | Sympathy Flowers JA,"Upright white lily-and-rose memorial vase arrangement. Sympathy flowers Jamaica, delivered to homes across Kingston & St. Andrew.",draft
memorial-vase-arrangement,,,,,,,FALSE,,Deluxe,,,,,TNG-SYM-008-DLX,2800,shopify,0,deny,manual,160.00,,TRUE,TRUE,,,,,FALSE,,,draft
memorial-vase-arrangement,,,,,,,FALSE,,Premium,,,,,TNG-SYM-008-PRM,2800,shopify,0,deny,manual,220.00,,TRUE,TRUE,,,,,FALSE,,,draft
bridal-bouquet-ivory-garden,Bridal Bouquet — Ivory Garden,"<p>A hand-tied bridal bouquet in an unstructured garden style, built around ivory and white blooms with soft green accents. We work with premium roses, garden roses, ranunculus, lisianthus and textural foliage, choosing the freshest stems available for your date so the piece photographs beautifully and holds through the ceremony and reception.</p><p>Every wedding bouquet begins with a short consultation. We refine the palette, scale and shape to suit the gown, the season and the mood of the day, so no two are alike.</p><ul><li><strong>Style:</strong> Loose, natural hand-tied garden bouquet</li><li><strong>Palette:</strong> Ivory, white and soft green</li><li><strong>Finish:</strong> Wrapped stems, ribbon selected with you</li><li><strong>Care:</strong> Keep cool and misted until the ceremony; hand off between photos</li></ul>",The New Greenhouse,,Wedding Flowers,"channel:retail, channel:wholesale, flower:garden-rose, color:white-ivory, color:green, occasion:wedding, customer:retail-shopper, customer:event-planner, format:bouquet, season:seasonal, type:wedding-flowers, price-status:placeholder, image-status:required, content-status:reviewed",FALSE,Title,Default Title,,,,,TNG-WED-001,900,shopify,0,deny,manual,150.00,,TRUE,TRUE,,,,,FALSE,Ivory Garden Bridal Bouquet | Kingston,"Ivory and white garden-style bridal bouquet for weddings in Kingston, Jamaica. Tailored to your gown, palette and season on consultation.",draft
bridal-bouquet-cascading-blush,Bridal Bouquet — Cascading Blush,"<p>A flowing, teardrop-shaped bridal bouquet designed to cascade gently over the hands. We build it in blush and pink tones with roses, spray roses and trailing greenery, layering soft movement and depth for a timeless, romantic silhouette.</p><p>This is a made-to-order design. During your consultation we tailor the length of the cascade, the density and the exact palette to the dress and the day, so the finished bouquet feels entirely your own.</p><ul><li><strong>Style:</strong> Cascading teardrop hand-tied bouquet</li><li><strong>Palette:</strong> Blush, pink and green</li><li><strong>Finish:</strong> Bound stems with a ribbon chosen together</li><li><strong>Care:</strong> Store cool and upright, mist lightly, rehydrate between photographs</li></ul>",The New Greenhouse,,Wedding Flowers,"channel:retail, channel:wholesale, flower:rose, color:pink, color:green, occasion:wedding, customer:retail-shopper, customer:event-planner, format:bouquet, season:seasonal, type:wedding-flowers, price-status:placeholder, image-status:required, content-status:reviewed",FALSE,Title,Default Title,,,,,TNG-WED-002,950,shopify,0,deny,manual,150.00,,TRUE,TRUE,,,,,FALSE,Cascading Blush Bridal Bouquet | Kingston,"Romantic cascading blush bridal bouquet, custom designed for weddings in Kingston, Jamaica. Palette and shape tailored on consultation.",draft
bridesmaid-bouquet,Bridesmaid Bouquet,"<p>A compact, hand-tied bouquet designed to sit beside the bridal flowers without competing with them. We keep the shape neat and easy to carry, echoing the palette and blooms of the main bouquet so the wedding party reads as one considered look in photographs.</p><p>Quantities and shades are set with you during planning. Order one to match a single attendant or several for the full party, each finished the same way for a consistent aisle.</p><ul><li><strong>Style:</strong> Rounded hand-tied posy</li><li><strong>Palette:</strong> Coordinated to your bridal flowers</li><li><strong>Finish:</strong> Wrapped stems with chosen ribbon</li><li><strong>Care:</strong> Keep cool and hydrated until the ceremony</li></ul>",The New Greenhouse,,Wedding Flowers,"channel:retail, channel:wholesale, flower:mixed, color:mixed, occasion:wedding, customer:retail-shopper, customer:event-planner, format:bouquet, season:seasonal, type:wedding-flowers, price-status:placeholder, image-status:required, content-status:reviewed",FALSE,Title,Default Title,,,,,TNG-WED-003,700,shopify,0,deny,manual,150.00,,TRUE,TRUE,,,,,FALSE,Bridesmaid Bouquet | The New Greenhouse,"Coordinated bridesmaid bouquets for weddings in Kingston, Jamaica. Colour-matched to the bridal party, with quantities set on consultation.",draft
low-reception-centerpiece,Low Reception Centerpiece,"<p>A low, garden-style centerpiece designed to sit below the sightline so guests can talk easily across the table. We arrange it full and soft in a vessel, blending focal blooms, filler and trailing greenery for a relaxed, abundant look down the length of the reception.</p><p>Choose Classic for intimate rounds or Grand for long banquet tables and head tables. The palette and vessel are confirmed with you so the centerpieces sit naturally within your styling.</p><ul><li><strong>Style:</strong> Low, spreading garden arrangement</li><li><strong>Sizes:</strong> Classic and Grand</li><li><strong>Best for:</strong> Guest tables, banquet runs, head tables</li><li><strong>Care:</strong> Keep out of direct sun and top up water before guests arrive</li></ul>",The New Greenhouse,,Wedding Flowers,"channel:retail, channel:wholesale, flower:mixed, color:mixed, occasion:wedding, customer:retail-shopper, customer:event-planner, format:centerpiece, season:seasonal, type:wedding-flowers, price-status:placeholder, image-status:required, content-status:reviewed",FALSE,Size,Classic,,,,,TNG-WED-004-CLS,1800,shopify,0,deny,manual,85.00,,TRUE,TRUE,,,,,FALSE,Low Reception Centerpiece | Kingston Weddings,"Low garden-style wedding centerpieces in Classic and Grand sizes for receptions in Kingston, Jamaica. Palette and vessel set on consultation.",draft
low-reception-centerpiece,,,,,,,FALSE,,Grand,,,,,TNG-WED-004-GRD,1800,shopify,0,deny,manual,130.00,,TRUE,TRUE,,,,,FALSE,,,draft
elevated-reception-centerpiece,Elevated Reception Centerpiece,"<p>A tall, elevated centerpiece that lifts flowers above the table on a footed vessel or stand, drawing the eye upward and keeping the tabletop clear for place settings. We build height with structured focal blooms and cascading greenery for a dramatic, editorial presence across the room.</p><p>Available in Classic and Grand proportions. During your consultation we confirm the height, stand and palette so the arrangement suits the ceiling, the space and the rest of your styling.</p><ul><li><strong>Style:</strong> Raised, cascading arrangement on a stand or footed vessel</li><li><strong>Sizes:</strong> Classic and Grand</li><li><strong>Best for:</strong> Statement guest tables, entrances, focal moments</li><li><strong>Care:</strong> Position on a stable, level surface away from direct sun</li></ul>",The New Greenhouse,,Wedding Flowers,"channel:retail, channel:wholesale, flower:mixed, color:mixed, occasion:wedding, customer:retail-shopper, customer:event-planner, format:centerpiece, season:seasonal, type:wedding-flowers, price-status:placeholder, image-status:required, content-status:reviewed",FALSE,Size,Classic,,,,,TNG-WED-005-CLS,2600,shopify,0,deny,manual,85.00,,TRUE,TRUE,,,,,FALSE,Elevated Reception Centerpiece | Kingston,"Tall elevated wedding centerpieces in Classic and Grand sizes for receptions in Kingston, Jamaica. Height and palette designed on consultation.",draft
elevated-reception-centerpiece,,,,,,,FALSE,,Grand,,,,,TNG-WED-005-GRD,2600,shopify,0,deny,manual,130.00,,TRUE,TRUE,,,,,FALSE,,,draft
ceremony-aisle-arch-arrangement,Ceremony Aisle & Arch Arrangement,"<p>Floral work for the ceremony itself, covering aisle-end markers, arch and altar arrangements that frame the couple as they say their vows. We design each piece to the structure and the setting, whether a garden arch, a chuppah or a hotel ballroom, so the flowers feel built for the space rather than placed in it.</p><p>Scope, quantity and mounting are confirmed during planning. We tailor the scale and palette to your venue, then coordinate installation and any repurposing to the reception where possible.</p><ul><li><strong>Includes:</strong> Aisle markers, arch and altar florals to scope</li><li><strong>Style:</strong> Designed to your structure and setting</li><li><strong>Best for:</strong> Ceremony framing and processional</li><li><strong>Care:</strong> Installed on site; kept shaded until the ceremony</li></ul>",The New Greenhouse,,Wedding Flowers,"channel:retail, channel:wholesale, flower:mixed, color:mixed, occasion:wedding, customer:retail-shopper, customer:event-planner, format:arrangement, season:seasonal, type:wedding-flowers, price-status:placeholder, image-status:required, content-status:reviewed",FALSE,Title,Default Title,,,,,TNG-WED-006,3000,shopify,0,deny,manual,110.00,,TRUE,TRUE,,,,,FALSE,Ceremony Aisle & Arch Flowers | Kingston,"Aisle, arch and altar wedding flowers in Kingston, Jamaica, designed and scaled to your ceremony space on consultation.",draft
sweetheart-table-arrangement,Sweetheart Table Arrangement,"<p>A generous floral treatment for the couple's sweetheart or head table, designed as the visual anchor of the reception. We build it as a lush front-facing arrangement or a flowing table garland, styled to draw the eye and photograph beautifully behind the couple.</p><p>Length, form and palette are agreed during planning so the piece fits the table and ties back to your bouquets and centerpieces. Where the layout allows, we can carry the design through from a ceremony arch to reduce waste.</p><ul><li><strong>Options:</strong> Front-facing arrangement or table garland</li><li><strong>Style:</strong> Lush and abundant, tied to your palette</li><li><strong>Best for:</strong> Sweetheart and head tables</li><li><strong>Care:</strong> Kept cool until setup; misted lightly in warm rooms</li></ul>",The New Greenhouse,,Wedding Flowers,"channel:retail, channel:wholesale, flower:mixed, color:mixed, occasion:wedding, customer:retail-shopper, customer:event-planner, format:arrangement, season:seasonal, type:wedding-flowers, price-status:placeholder, image-status:required, content-status:reviewed",FALSE,Title,Default Title,,,,,TNG-WED-007,2200,shopify,0,deny,manual,110.00,,TRUE,TRUE,,,,,FALSE,Sweetheart Table Flowers | Kingston Weddings,"Sweetheart and head table wedding flowers in Kingston, Jamaica, as a lush arrangement or garland, custom designed on consultation.",draft
intimate-wedding-flower-package,Intimate Wedding Flower Package,"<p>A curated starting package for intimate weddings and elopements, bringing the essentials together in one coordinated palette. As a base it includes a bridal bouquet, a bridesmaid bouquet and a small set of low reception centerpieces, all designed to work as one considered look.</p><p>Think of this as a foundation rather than a fixed list. During your consultation we adjust the mix, quantities and palette to your guest count and venue, adding ceremony or table pieces as needed. Not just flowers, whatever it takes.</p><ul><li><strong>Base includes:</strong> Bridal bouquet, bridesmaid bouquet and a few low centerpieces</li><li><strong>Style:</strong> One coordinated palette across every piece</li><li><strong>Best for:</strong> Intimate weddings and elopements</li><li><strong>Customised:</strong> Mix and quantities finalised on consultation</li></ul>",The New Greenhouse,,Wedding Flowers,"channel:retail, channel:wholesale, flower:mixed, color:mixed, occasion:wedding, customer:retail-shopper, customer:event-planner, format:arrangement, season:seasonal, type:wedding-flowers, price-status:placeholder, image-status:required, content-status:reviewed",FALSE,Title,Default Title,,,,,TNG-WED-008,5000,shopify,0,deny,manual,950.00,,TRUE,TRUE,,,,,FALSE,Intimate Wedding Flower Package | Kingston,"A starting wedding flower package for intimate ceremonies in Kingston, Jamaica: bouquets and centerpieces, customised on consultation.",draft
wet-floral-foam-bricks,Wet Floral Foam Bricks,"<p>Reliable wet floral foam for building fresh-flower arrangements, centrepieces and sympathy tributes. Each brick soaks quickly, holds water well and grips stems at any angle so designs stay put through transport and display.</p><p>A workhorse for busy studios and a practical choice for anyone arranging at home. Buy the larger packs for event work and wedding builds.</p><ul><li><strong>Type:</strong> Wet foam (fresh flowers only)</li><li><strong>Brick size:</strong> Approx. 23 x 11 x 8cm each</li><li><strong>Pack options:</strong> 6, 12 or 24 bricks</li><li><strong>Use:</strong> Soak in water until saturated, then insert stems</li></ul>",The New Greenhouse,,Floral Supply,"channel:retail, channel:wholesale, color:green, customer:florist, customer:event-planner, customer:retail-shopper, format:supply, supply:foam, season:year-round, type:floral-supply, price-status:placeholder, image-status:required, content-status:reviewed",FALSE,Pack Quantity,6,,,,,TNG-SUP-001-Q6,900,shopify,0,deny,manual,21.00,,TRUE,TRUE,,,,,FALSE,Wet Floral Foam Bricks | The New Greenhouse,"Wet floral foam bricks in packs of 6, 12 or 24. Floral supplies in Jamaica for florists and home arrangers. Pickup or delivery in Kingston.",draft
wet-floral-foam-bricks,,,,,,,FALSE,,12,,,,,TNG-SUP-001-Q12,900,shopify,0,deny,manual,30.00,,TRUE,TRUE,,,,,FALSE,,,draft
wet-floral-foam-bricks,,,,,,,FALSE,,24,,,,,TNG-SUP-001-Q24,900,shopify,0,deny,manual,54.00,,TRUE,TRUE,,,,,FALSE,,,draft
glass-cylinder-vase,Glass Cylinder Vase,"<p>A clear glass cylinder vase that suits everything from a single hydrangea stem to a full submerged centrepiece. The straight walls and weighted base give a clean, modern line and keep tall arrangements stable on the table.</p><p>Choose Small for bud and bar arrangements, Medium for hand-tied bouquets, and Large for statement pieces and event installs.</p><ul><li><strong>Material:</strong> Clear glass</li><li><strong>Small:</strong> Approx. 15cm high, 10cm diameter</li><li><strong>Medium:</strong> Approx. 20cm high, 12cm diameter</li><li><strong>Large:</strong> Approx. 30cm high, 15cm diameter</li><li><strong>Care:</strong> Hand wash; not dishwasher recommended</li></ul>",The New Greenhouse,,Floral Supply,"channel:retail, channel:wholesale, color:white-ivory, customer:florist, customer:event-planner, customer:retail-shopper, format:supply, supply:vase, season:year-round, type:floral-supply, price-status:placeholder, image-status:required, content-status:reviewed",FALSE,Size,Small,,,,,TNG-SUP-002-SM,1100,shopify,0,deny,manual,22.00,,TRUE,TRUE,,,,,FALSE,Glass Cylinder Vase | The New Greenhouse,"Clear glass cylinder vases in small, medium and large. Florist supplies in Kingston for arrangements and events. Pickup or Kingston delivery.",draft
glass-cylinder-vase,,,,,,,FALSE,,Medium,,,,,TNG-SUP-002-MD,1100,shopify,0,deny,manual,30.00,,TRUE,TRUE,,,,,FALSE,,,draft
glass-cylinder-vase,,,,,,,FALSE,,Large,,,,,TNG-SUP-002-LG,1100,shopify,0,deny,manual,42.00,,TRUE,TRUE,,,,,FALSE,,,draft
bud-vase-set,Bud Vase Set,"<p>A set of petite glass bud vases sized for a single stem or a small cluster. Group them down a table for a relaxed, layered look at weddings and dinners, or keep one by the bedside for a rose or ranunculus.</p><p>Lightweight, easy to store and endlessly reusable. Choose a set of 6 for the table or a set of 12 for larger events.</p><ul><li><strong>Material:</strong> Clear glass</li><li><strong>Height:</strong> Approx. 9-12cm each</li><li><strong>Set options:</strong> Set of 6 or Set of 12</li><li><strong>Best for:</strong> Single stems, place settings, bud arrangements</li></ul>",The New Greenhouse,,Floral Supply,"channel:retail, channel:wholesale, color:white-ivory, customer:florist, customer:event-planner, customer:retail-shopper, format:supply, supply:vase, season:year-round, type:floral-supply, price-status:placeholder, image-status:required, content-status:reviewed",FALSE,Pack Quantity,Set of 6,,,,,TNG-SUP-003-S6,1300,shopify,0,deny,manual,12.00,,TRUE,TRUE,,,,,FALSE,Bud Vase Set | The New Greenhouse,Glass bud vase sets of 6 or 12 for single stems and tablescapes. Floral supplies in Jamaica. Pickup or delivery across Kingston.,draft
bud-vase-set,,,,,,,FALSE,,Set of 12,,,,,TNG-SUP-003-S12,1300,shopify,0,deny,manual,20.50,,TRUE,TRUE,,,,,FALSE,,,draft
satin-ribbon,Satin Ribbon,"<p>A double-faced satin ribbon that ties a clean, elegant bow every time. The smooth sheen finishes hand-tied bouquets, presentation boxes and gift wrap without fraying at the edges.</p><p>A studio essential in three versatile shades. Ivory for weddings and sympathy work, Champagne Gold for luxury gifting, and Black for a sharp, modern finish.</p><ul><li><strong>Material:</strong> Double-faced polyester satin</li><li><strong>Width:</strong> Approx. 38mm</li><li><strong>Length:</strong> Approx. 22 metres per roll</li><li><strong>Colours:</strong> Ivory, Champagne Gold, Black</li></ul>",The New Greenhouse,,Floral Supply,"channel:retail, channel:wholesale, color:mixed, customer:florist, customer:event-planner, customer:retail-shopper, format:supply, supply:ribbon, season:year-round, type:floral-supply, price-status:placeholder, image-status:required, content-status:reviewed",FALSE,Color,Ivory,,,,,TNG-SUP-004-IVR,200,shopify,0,deny,manual,12.00,,TRUE,TRUE,,,,,FALSE,Satin Ribbon | The New Greenhouse,"Double-faced satin ribbon in ivory, champagne gold and black. Florist supplies in Kingston for bouquets and gifting. Pickup or delivery.",draft
satin-ribbon,,,,,,,FALSE,,Champagne Gold,,,,,TNG-SUP-004-GLD,200,shopify,0,deny,manual,12.00,,TRUE,TRUE,,,,,FALSE,,,draft
satin-ribbon,,,,,,,FALSE,,Black,,,,,TNG-SUP-004-BLK,200,shopify,0,deny,manual,12.00,,TRUE,TRUE,,,,,FALSE,,,draft
organza-ribbon,Organza Ribbon,"<p>A sheer organza ribbon that adds a soft, romantic finish to bouquets, favours and gift wrap. The lightweight, translucent weave catches the light and ties full, airy bows that sit beautifully against fresh flowers.</p><p>Choose Ivory for weddings, Blush for romantic gifting, and Sage for a natural, botanical palette.</p><ul><li><strong>Material:</strong> Sheer polyester organza</li><li><strong>Width:</strong> Approx. 25mm</li><li><strong>Length:</strong> Approx. 22 metres per roll</li><li><strong>Colours:</strong> Ivory, Blush, Sage</li></ul>",The New Greenhouse,,Floral Supply,"channel:retail, channel:wholesale, color:mixed, customer:florist, customer:event-planner, customer:retail-shopper, format:supply, supply:ribbon, season:year-round, type:floral-supply, price-status:placeholder, image-status:required, content-status:reviewed",FALSE,Color,Ivory,,,,,TNG-SUP-005-IVR,160,shopify,0,deny,manual,12.00,,TRUE,TRUE,,,,,FALSE,Organza Ribbon | The New Greenhouse,"Sheer organza ribbon in ivory, blush and sage for soft bows. Floral supplies in Jamaica for weddings and gifting. Kingston pickup or delivery.",draft
organza-ribbon,,,,,,,FALSE,,Blush,,,,,TNG-SUP-005-BLS,160,shopify,0,deny,manual,12.00,,TRUE,TRUE,,,,,FALSE,,,draft
organza-ribbon,,,,,,,FALSE,,Sage,,,,,TNG-SUP-005-SGE,160,shopify,0,deny,manual,12.00,,TRUE,TRUE,,,,,FALSE,,,draft
kraft-cellophane-wrap,Kraft & Cellophane Wrap,"<p>A practical wrap pack pairing natural kraft paper with clear cellophane so you can finish bouquets two ways: a rustic paper wrap or a water-tight cellophane sleeve for transport. Both are cut to a generous size that suits hand-ties and larger arrangements.</p><p>Stock the pack of 25 for the shop counter or the pack of 50 for busy weeks and event runs.</p><ul><li><strong>Contents:</strong> Kraft paper and clear cellophane sheets</li><li><strong>Sheet size:</strong> Approx. 50 x 70cm</li><li><strong>Pack options:</strong> 25 or 50 sheets</li><li><strong>Use:</strong> Bouquet wrapping, gift presentation, transport protection</li></ul>",The New Greenhouse,,Floral Supply,"channel:retail, channel:wholesale, color:white-ivory, customer:florist, customer:event-planner, customer:retail-shopper, format:supply, supply:wrap, season:year-round, type:floral-supply, price-status:placeholder, image-status:required, content-status:reviewed",FALSE,Pack Quantity,25 sheets,,,,,TNG-SUP-006-Q25S,700,shopify,0,deny,manual,12.00,,TRUE,TRUE,,,,,FALSE,Kraft & Cellophane Wrap | The New Greenhouse,Kraft paper and cellophane wrap sheets in packs of 25 or 50. Florist supplies in Kingston for bouquet wrapping. Pickup or delivery.,draft
kraft-cellophane-wrap,,,,,,,FALSE,,50 sheets,,,,,TNG-SUP-006-Q50S,700,shopify,0,deny,manual,21.50,,TRUE,TRUE,,,,,FALSE,,,draft
woven-arrangement-basket,Woven Arrangement Basket,"<p>A natural woven basket that gives arrangements a warm, handcrafted base. The sturdy handle makes it easy to carry and gift, while the deep base takes a liner and floral foam for fresh builds or a pot for planted designs.</p><p>Pick Small for compact gifts, Medium for everyday arrangements, and Large for statement pieces and hampers.</p><ul><li><strong>Material:</strong> Woven natural fibre with handle</li><li><strong>Small:</strong> Approx. 20cm across</li><li><strong>Medium:</strong> Approx. 28cm across</li><li><strong>Large:</strong> Approx. 35cm across</li><li><strong>Tip:</strong> Line with cellophane before adding wet foam</li></ul>",The New Greenhouse,,Floral Supply,"channel:retail, channel:wholesale, color:yellow-orange, customer:florist, customer:event-planner, customer:retail-shopper, format:supply, supply:basket, season:year-round, type:floral-supply, price-status:placeholder, image-status:required, content-status:reviewed",FALSE,Size,Small,,,,,TNG-SUP-007-SM,600,shopify,0,deny,manual,22.00,,TRUE,TRUE,,,,,FALSE,Woven Arrangement Basket | The New Greenhouse,"Natural woven baskets in small, medium and large for floral arrangements. Floral supplies in Jamaica. Kingston pickup or delivery.",draft
woven-arrangement-basket,,,,,,,FALSE,,Medium,,,,,TNG-SUP-007-MD,600,shopify,0,deny,manual,30.00,,TRUE,TRUE,,,,,FALSE,,,draft
woven-arrangement-basket,,,,,,,FALSE,,Large,,,,,TNG-SUP-007-LG,600,shopify,0,deny,manual,42.00,,TRUE,TRUE,,,,,FALSE,,,draft
floral-stem-tape,Floral Stem Tape,"<p>Self-sealing floral tape that binds stems, wires and boutonnieres with a clean, professional finish. It activates as you stretch it, clinging to itself rather than the skin, so wired work stays neat and secure.</p><p>Green blends into stems for natural bouquets; White suits pale palettes and bridal work. A studio staple every florist reaches for.</p><ul><li><strong>Type:</strong> Self-sealing stretch floral tape</li><li><strong>Width:</strong> Approx. 12mm</li><li><strong>Length:</strong> Approx. 27 metres per roll</li><li><strong>Colours:</strong> Green, White</li></ul>",The New Greenhouse,,Floral Supply,"channel:retail, channel:wholesale, color:green, customer:florist, customer:event-planner, customer:retail-shopper, format:supply, supply:tape, season:year-round, type:floral-supply, price-status:placeholder, image-status:required, content-status:reviewed",FALSE,Color,Green,,,,,TNG-SUP-008-GRN,90,shopify,0,deny,manual,12.00,,TRUE,TRUE,,,,,FALSE,Floral Stem Tape | The New Greenhouse,Self-sealing floral stem tape in green and white for bouquets and corsages. Florist supplies in Kingston. Pickup or Kingston delivery.,draft
floral-stem-tape,,,,,,,FALSE,,White,,,,,TNG-SUP-008-WHT,90,shopify,0,deny,manual,12.00,,TRUE,TRUE,,,,,FALSE,,,draft
florist-shears-snips,Florist Shears & Snips,"<p>A dependable cutting pair for the studio: sturdy shears for woody and thick stems, and precision snips for detail work, deadheading and fine trimming. Sharp stainless-steel blades give a clean cut that helps flowers drink and last.</p><p>The comfortable, non-slip grips are built for all-day use, whether you are processing a delivery or finishing a bridal bouquet. A trade essential that earns its place on the bench.</p><ul><li><strong>Blades:</strong> Stainless steel</li><li><strong>Includes:</strong> Florist shears and precision snips</li><li><strong>Grip:</strong> Non-slip, comfort handle</li><li><strong>Use:</strong> Cutting stems, wire and light woody material</li></ul>",The New Greenhouse,,Floral Supply,"channel:retail, channel:wholesale, color:green, customer:florist, customer:event-planner, customer:retail-shopper, format:supply, supply:tools, season:year-round, type:floral-supply, price-status:placeholder, image-status:required, content-status:reviewed",FALSE,Title,Default Title,,,,,TNG-SUP-009,350,shopify,0,deny,manual,60.00,,TRUE,TRUE,,,,,FALSE,Florist Shears & Snips | The New Greenhouse,Stainless-steel florist shears and precision snips for clean stem cuts. Florist supplies in Kingston for the trade. Pickup or delivery.,draft
bouquet-presentation-boxes,Bouquet Presentation Boxes,"<p>Rigid presentation boxes that turn an arrangement into a considered gift. The clean lines and sturdy walls hold their shape in transit, while the deep base takes a liner and foam for a fresh, water-safe build.</p><p>A polished finish for signature bouquets, corporate gifting and events. Order the pack of 10 for the counter or the pack of 25 for busy gifting seasons.</p><ul><li><strong>Material:</strong> Rigid presentation board</li><li><strong>Box size:</strong> Approx. 20 x 20 x 18cm</li><li><strong>Pack options:</strong> 10 or 25 boxes</li><li><strong>Tip:</strong> Line before adding wet foam for fresh arrangements</li></ul>",The New Greenhouse,,Floral Supply,"channel:retail, channel:wholesale, color:white-ivory, customer:florist, customer:event-planner, customer:retail-shopper, format:supply, supply:box, season:year-round, type:floral-supply, price-status:placeholder, image-status:required, content-status:reviewed",FALSE,Pack Quantity,10,,,,,TNG-SUP-010-Q10,1200,shopify,0,deny,manual,27.00,,TRUE,TRUE,,,,,FALSE,Bouquet Presentation Boxes | The New Greenhouse,Rigid bouquet presentation boxes in packs of 10 or 25 for floral gifting. Floral supplies in Jamaica. Kingston pickup or delivery.,draft
bouquet-presentation-boxes,,,,,,,FALSE,,25,,,,,TNG-SUP-010-Q25,1200,shopify,0,deny,manual,48.00,,TRUE,TRUE,,,,,FALSE,,,draft
peace-lily-plant,Peace Lily Plant,"<p>The peace lily (<em>Spathiphyllum</em>) is a graceful indoor plant with glossy deep-green leaves and slender white spathes that appear through much of the year. Its quiet, sculptural form makes it a considerate choice for sympathy, get-well wishes, or a lasting corporate gift that keeps giving long after fresh flowers fade.</p><p>Each plant is selected for healthy, upright growth and finished for gifting. A dependable living gift for those who prefer a plant to a bouquet.</p><ul><li><strong>Light:</strong> Bright, indirect light; tolerates lower light with fewer blooms.</li><li><strong>Water:</strong> Keep soil lightly moist; leaves droop as a helpful reminder to water.</li><li><strong>Care level:</strong> Easy — ideal for beginners.</li><li><strong>Note:</strong> Foliage can irritate pets and children if chewed.</li></ul>",The New Greenhouse,,Plant,"channel:retail, channel:wholesale, color:white-ivory, color:green, occasion:sympathy, occasion:get-well, occasion:corporate, customer:retail-shopper, customer:corporate, format:plant, season:year-round, type:plant, price-status:placeholder, image-status:required, content-status:reviewed",FALSE,Pot Size,Small,,,,,TNG-PLT-001-SM,1800,shopify,0,deny,manual,45.00,,TRUE,TRUE,,,,,FALSE,Peace Lily Plant | The New Greenhouse,"Buy a peace lily plant in Kingston, Jamaica. An easy-care living gift for sympathy, get-well, and corporate flowers Jamaica.",draft
peace-lily-plant,,,,,,,FALSE,,Medium,,,,,TNG-PLT-001-MD,1800,shopify,0,deny,manual,70.00,,TRUE,TRUE,,,,,FALSE,,,draft
peace-lily-plant,,,,,,,FALSE,,Large,,,,,TNG-PLT-001-LG,1800,shopify,0,deny,manual,110.00,,TRUE,TRUE,,,,,FALSE,,,draft
snake-plant-sansevieria,Snake Plant (Sansevieria),"<p>The snake plant (<em>Sansevieria</em>, now <em>Dracaena trifasciata</em>) is prized for its bold, upright leaves banded in green and edged in soft gold. Structural and forgiving, it thrives on neglect, making it a smart, long-lasting gift for busy people, new offices, and homes with less-than-perfect light.</p><p>A clean, modern living gift that suits corporate desks, reception areas, and everyday styling alike.</p><ul><li><strong>Light:</strong> Tolerates low light; happiest in bright, indirect light.</li><li><strong>Water:</strong> Water sparingly — allow soil to dry fully between waterings.</li><li><strong>Care level:</strong> Easy — very drought tolerant.</li><li><strong>Note:</strong> Mildly toxic if ingested by pets.</li></ul>",The New Greenhouse,,Plant,"channel:retail, channel:wholesale, color:green, color:yellow-orange, occasion:corporate, occasion:everyday, customer:retail-shopper, customer:corporate, format:plant, season:year-round, type:plant, price-status:placeholder, image-status:required, content-status:reviewed",FALSE,Pot Size,Small,,,,,TNG-PLT-002-SM,2200,shopify,0,deny,manual,45.00,,TRUE,TRUE,,,,,FALSE,Snake Plant Sansevieria | The New Greenhouse,"Order a low-maintenance snake plant in Kingston, Jamaica. Hardy corporate flowers Jamaica alternative for desks, offices, and everyday gifting.",draft
snake-plant-sansevieria,,,,,,,FALSE,,Medium,,,,,TNG-PLT-002-MD,2200,shopify,0,deny,manual,70.00,,TRUE,TRUE,,,,,FALSE,,,draft
snake-plant-sansevieria,,,,,,,FALSE,,Large,,,,,TNG-PLT-002-LG,2200,shopify,0,deny,manual,110.00,,TRUE,TRUE,,,,,FALSE,,,draft
phalaenopsis-orchid-plant,Phalaenopsis Orchid Plant,"<p>The phalaenopsis, or moth orchid, is one of the most elegant living gifts available. Arching stems carry rows of pristine white blooms above broad green leaves, with a single display often lasting several weeks to a few months. It is a considered choice for congratulations, corporate gifting, or simply bringing quiet luxury into a room.</p><p>Choose our standard presentation or a premium wrap for a more finished, gift-ready arrival.</p><ul><li><strong>Light:</strong> Bright, indirect light; avoid harsh direct sun.</li><li><strong>Water:</strong> Water roughly once a week; never leave roots sitting in water.</li><li><strong>Care level:</strong> Moderate — rewards a light, consistent touch.</li><li><strong>Bloom:</strong> Pure white spathes on graceful arching stems.</li></ul>",The New Greenhouse,,Plant,"channel:retail, channel:wholesale, flower:orchid, color:white-ivory, occasion:corporate, occasion:congratulations, occasion:everyday, customer:retail-shopper, customer:corporate, format:plant, season:year-round, type:plant, price-status:placeholder, image-status:required, content-status:reviewed",FALSE,Presentation,Standard,,,,,TNG-PLT-003-STD,1500,shopify,0,deny,manual,65.00,,TRUE,TRUE,,,,,FALSE,Phalaenopsis Orchid Plant | The New Greenhouse,"White phalaenopsis orchid plant in Kingston, Jamaica. A long-lasting living gift for congratulations, corporate flowers Jamaica, and everyday luxury.",draft
phalaenopsis-orchid-plant,,,,,,,FALSE,,Premium Wrap,,,,,TNG-PLT-003-PWR,1500,shopify,0,deny,manual,85.00,,TRUE,TRUE,,,,,FALSE,,,draft
fruit-flower-gift-basket,Fruit & Flower Gift Basket,"<p>Our fruit and flower gift basket brings together a selection of fresh seasonal fruit and a cluster of complementary blooms in one warm, welcoming presentation. It is a versatile way to say get well soon, congratulations, or welcome to the newest member of the family, and it makes an equally gracious corporate gesture.</p><p>Contents are chosen for freshness and balance on the day, so each basket is a little different while always feeling abundant and considered.</p><ul><li><strong>Includes:</strong> An assortment of seasonal fruit with a small arrangement of fresh flowers.</li><li><strong>Presentation:</strong> Hand-packed in a gift basket, ready to give.</li><li><strong>Best for:</strong> Get-well, congratulations, new baby, and corporate gifting.</li><li><strong>Note:</strong> Fruit varieties and flowers vary with seasonal availability.</li></ul>",The New Greenhouse,,Gift Basket,"channel:retail, channel:wholesale, flower:mixed, color:mixed, occasion:get-well, occasion:congratulations, occasion:corporate, occasion:new-baby, customer:retail-shopper, customer:corporate, format:gift-basket, season:year-round, type:gift-basket, price-status:placeholder, image-status:required, content-status:reviewed",FALSE,Size,Classic,,,,,TNG-PLT-004-CLS,3500,shopify,0,deny,manual,85.00,,TRUE,TRUE,,,,,FALSE,Fruit & Flower Gift Basket | The New Greenhouse,"Send a fresh fruit and flower gift basket in Kingston, Jamaica. A warm get-well, new-baby, or corporate flowers Jamaica gift, hand-packed to order.",draft
fruit-flower-gift-basket,,,,,,,FALSE,,Grand,,,,,TNG-PLT-004-GRD,3500,shopify,0,deny,manual,130.00,,TRUE,TRUE,,,,,FALSE,,,draft
belgian-chocolates-add-on,Belgian Chocolates Add-on,"<p>Round out a bouquet or arrangement with a box of smooth, rich Belgian-style chocolates. Designed as a finishing touch rather than a standalone gift, this add-on turns a simple delivery of flowers into a more generous gesture for birthdays, thank-yous, or just because.</p><p>Add it to any floral order at checkout and we will include it with your flowers.</p><ul><li><strong>Includes:</strong> One boxed assortment of Belgian-style chocolates.</li><li><strong>Pairs with:</strong> Any bouquet or arrangement in our range.</li><li><strong>Note:</strong> Offered as an add-on to a floral purchase, not for standalone delivery.</li></ul>",The New Greenhouse,,Gift Add-on,"channel:retail, channel:wholesale, color:mixed, occasion:everyday, customer:retail-shopper, format:addon, season:year-round, type:gift-add-on, price-status:placeholder, image-status:required, content-status:reviewed",FALSE,Title,Default Title,,,,,TNG-PLT-005,300,shopify,0,deny,manual,20.00,,TRUE,TRUE,,,,,FALSE,Belgian Chocolates Add-on | The New Greenhouse,"Add a box of Belgian-style chocolates to your flowers in Kingston, Jamaica. The perfect finishing touch for any floral gift.",draft
plush-teddy-bear-add-on,Plush Teddy Bear Add-on,"<p>Add a soft, huggable teddy bear to your floral order for an extra touch of warmth. It is a gentle companion for a new baby, a cheerful birthday surprise, or a comforting get-well gesture that lingers long after the flowers have been enjoyed.</p><p>Choose a small or large bear and we will tuck it in with your flowers.</p><ul><li><strong>Includes:</strong> One plush teddy bear in your chosen size.</li><li><strong>Pairs with:</strong> Any bouquet or arrangement in our range.</li><li><strong>Note:</strong> Offered as an add-on to a floral purchase, not for standalone delivery.</li></ul>",The New Greenhouse,,Gift Add-on,"channel:retail, channel:wholesale, color:mixed, occasion:new-baby, occasion:birthday, occasion:get-well, customer:retail-shopper, format:addon, season:year-round, type:gift-add-on, price-status:placeholder, image-status:required, content-status:reviewed",FALSE,Size,Small,,,,,TNG-PLT-006-SM,400,shopify,0,deny,manual,15.00,,TRUE,TRUE,,,,,FALSE,Plush Teddy Bear Add-on | The New Greenhouse,"Add a soft plush teddy bear to your flowers in Kingston, Jamaica. A sweet extra for new-baby, birthday, and get-well flower gifts.",draft
plush-teddy-bear-add-on,,,,,,,FALSE,,Large,,,,,TNG-PLT-006-LG,400,shopify,0,deny,manual,30.00,,TRUE,TRUE,,,,,FALSE,,,draft
